usn,name,email,phone,department,cgpa,graduationYear
1RV21AI083,Johnette Mangan,jmangan0@lulu.com,803-745-5133,Marketing,5.4,2025
1RV21ME519,Myer Blondelle,mblondelle1@oracle.com,476-537-7856,Customer Service,4.8,2025
1RV21EE659,Galven Luscott,gluscott2@cloudflare.com,505-669-2508,Human Resources,1.0,2029
1RV21EC716,Dorice Hoolaghan,dhoolaghan3@blog.com,392-636-1442,IT,1.3,2023
1RV21EE656,Melamie Foulsham,mfoulsham4@mlb.com,171-374-0124,Public Relations,7.8,2028
1RV21EC164,Georgena Tyers,gtyers5@blog.com,695-309-7780,Public Relations,4.2,2028
1RV21AI594,Lorna Rispine,lrispine6@w3.org,493-583-0805,Human Resources,2.8,2028
1RV21CV851,Patrizius Carlson,pcarlson7@vk.com,505-384-1954,Finance,2.1,2025
1RV21EE310,Avivah Reedyhough,areedyhough8@dyndns.org,788-708-1071,Human Resources,3.8,2022
1RV21AI123,Gordan Guille,gguille9@chron.com,352-813-0056,Operations,4.6,2024
1RV21CS519,Morlee Jeanenet,mjeaneneta@free.fr,914-296-0728,Marketing,2.7,2026
1RV21EC087,Sib Cocher,scocherb@shinystat.com,349-512-9274,Sales,7.9,2021
1RV21AI319,Henrieta Densey,hdenseyc@blogs.com,342-218-8925,Customer Service,2.9,2030
1RV21EE698,Bartholomew Brosetti,bbrosettid@chicagotribune.com,157-833-7686,Finance,4.3,2022
1RV21AI049,Gipsy Greeve,ggreevee@tiny.cc,430-373-0465,Human Resources,7.1,2028
1RV21CS825,Stavro Fraczak,sfraczakf@networksolutions.com,620-968-5860,Research and Development,8.1,2022
1RV21IS093,Adan Jeaycock,ajeaycockg@usgs.gov,632-449-3419,Customer Service,1.2,2024
1RV21CS718,Clara Perryn,cperrynh@auda.org.au,130-284-6904,Marketing,1.4,2024
1RV21IS939,Davine Phillipp,dphillippi@nydailynews.com,484-533-8261,IT,2.7,2020
1RV21EC499,Candace Trevon,ctrevonj@msn.com,237-206-8150,Finance,7.1,2026
1RV21CS871,Arleta Dockrill,adockrillk@nyu.edu,965-488-6776,Finance,4.6,2026
1RV21AI440,Florence Renwick,frenwickl@yahoo.com,355-172-6694,Research and Development,2.0,2020
1RV21CV527,Noelyn Pechold,npecholdm@mediafire.com,592-850-3375,IT,8.6,2028
1RV21EC856,Rosetta Josefovic,rjosefovicn@princeton.edu,181-512-1767,Operations,6.6,2029
1RV21CV971,Rodge Bagster,rbagstero@e-recht24.de,742-674-1723,Public Relations,8.3,2030
1RV21EE303,Borg Bakewell,bbakewellp@google.ru,505-877-2829,IT,2.1,2022
1RV21IS848,George Ethersey,getherseyq@ebay.co.uk,578-587-2059,Human Resources,8.8,2029
1RV21ME227,Eydie Heatley,eheatleyr@hibu.com,397-993-8789,Customer Service,0.5,2023
1RV21IS322,Roddie Brunning,rbrunnings@eventbrite.com,858-915-3277,Operations,3.9,2023
1RV21EC212,Maible Pizzie,mpizziet@baidu.com,506-955-2987,Human Resources,9.8,2027
1RV21IS982,Shir Prestland,sprestlandu@marriott.com,332-627-3968,Legal,1.5,2026
1RV21AI381,Rafa Beedham,rbeedhamv@squarespace.com,286-193-2530,Research and Development,8.0,2028
1RV21ME125,Stanislaw La Grange,slaw@examiner.com,775-200-0512,IT,7.6,2020
1RV21IS446,Minta Sertin,msertinx@webeden.co.uk,731-445-8161,Legal,0.6,2023
1RV21AI651,Kit Carden,kcardeny@google.ca,998-937-8698,Customer Service,7.9,2023
1RV21IS111,Brnaba Peyto,bpeytoz@google.co.jp,451-904-7171,Legal,5.7,2024
1RV21IS236,Vivian Portsmouth,vportsmouth10@telegraph.co.uk,606-708-6498,Human Resources,9.7,2022
1RV21CV963,Margarette Heel,mheel11@constantcontact.com,840-307-0434,IT,8.5,2023
1RV21AI632,Elna Moogan,emoogan12@merriam-webster.com,535-714-2192,Human Resources,0.9,2027
1RV21CS960,Sid Larman,slarman13@mozilla.org,146-611-0503,Marketing,9.5,2027
1RV21CV055,Hobey De Caville,hde14@typepad.com,871-780-9625,Human Resources,5.8,2026
1RV21CV250,Lorry Queripel,lqueripel15@kickstarter.com,858-666-8333,Sales,2.6,2024
1RV21ME869,Novelia McEniry,nmceniry16@comcast.net,617-281-5954,Customer Service,9.2,2025
1RV21CV913,Shellysheldon Speeding,sspeeding17@is.gd,406-488-1130,Sales,4.7,2028
1RV21EE059,Sterling Cripwell,scripwell18@sphinn.com,101-616-4231,Legal,4.8,2026
1RV21AI558,Ferris Wardhaugh,fwardhaugh19@nifty.com,474-179-7980,Public Relations,2.4,2030
1RV21ME794,Rafaellle Pena,rpena1a@buzzfeed.com,934-769-4730,Marketing,9.7,2027
1RV21ME263,Carlie Izaac,cizaac1b@cpanel.net,357-872-1520,Marketing,9.9,2021
1RV21EC539,Saraann Wayne,swayne1c@gizmodo.com,343-410-6176,Research and Development,6.4,2020
1RV21EE703,Vidovic Scoles,vscoles1d@behance.net,630-242-0978,Legal,6.2,2027
1RV21ME847,Helaina Buncombe,hbuncombe1e@loc.gov,213-262-6222,Human Resources,6.4,2028
1RV21IS860,Nickolaus Prendeville,nprendeville1f@i2i.jp,771-709-1478,Finance,4.2,2021
1RV21EC411,Bryn Halshaw,bhalshaw1g@shop-pro.jp,531-473-9902,Human Resources,3.1,2024
1RV21ME874,Emylee Crepin,ecrepin1h@springer.com,747-143-8348,Human Resources,1.9,2027
1RV21IS470,Damiano Leindecker,dleindecker1i@shinystat.com,120-320-9791,Research and Development,5.3,2027
1RV21CS665,Tybie Ferguson,tferguson1j@nytimes.com,404-634-4304,Sales,5.2,2030
1RV21CS527,Abigael Ashness,aashness1k@zdnet.com,254-856-9517,IT,1.3,2030
1RV21EC670,Hedvige Dealey,hdealey1l@businessweek.com,943-769-6078,Sales,8.6,2022
1RV21EE621,Ainsley Kermode,akermode1m@mozilla.org,210-303-6324,Research and Development,8.3,2030
1RV21EC100,Chet Sinkinson,csinkinson1n@aboutads.info,175-625-8665,Legal,9.8,2020
1RV21CV890,Nissie McNiff,nmcniff1o@tamu.edu,222-559-1223,IT,3.3,2020
1RV21CV783,Faith Stallibrass,fstallibrass1p@desdev.cn,731-565-4939,Human Resources,8.9,2029
1RV21EC000,Olympie Took,otook1q@ameblo.jp,351-500-2967,Human Resources,3.8,2028
1RV21CV612,Bambie Spridgeon,bspridgeon1r@dailymail.co.uk,305-695-9746,Public Relations,8.6,2022
1RV21ME192,Bennett Alty,balty1s@springer.com,221-780-8661,Marketing,0.8,2023
1RV21CV137,Dorena Doogan,ddoogan1t@php.net,908-499-5851,Sales,4.3,2022
1RV21IS731,Marie Ruit,mruit1u@miitbeian.gov.cn,488-255-6496,Marketing,4.3,2021
1RV21CS679,Stevy Jereatt,sjereatt1v@rakuten.co.jp,552-594-6901,Research and Development,8.5,2030
1RV21AI477,Adina Dupey,adupey1w@home.pl,321-574-3056,Operations,4.1,2025
1RV21EE421,Aimee Beaby,abeaby1x@springer.com,126-650-6165,Customer Service,3.7,2023
1RV21CV945,Merridie Jennins,mjennins1y@java.com,447-777-1394,Finance,7.0,2021
1RV21ME152,Shaughn Hammon,shammon1z@weather.com,735-905-5179,Operations,7.1,2025
1RV21ME583,Nehemiah Spinnace,nspinnace20@cbsnews.com,727-242-0535,IT,3.2,2030
1RV21IS916,Darren Skaife d'Ingerthorpe,dskaife21@cbslocal.com,448-587-7842,Finance,8.4,2025
1RV21AI154,Roobbie Roller,rroller22@facebook.com,730-479-8658,Marketing,0.6,2020
1RV21AI107,Drud Boller,dboller23@nbcnews.com,678-660-1635,Research and Development,0.7,2021
1RV21CV783,Bernete Blackwell,bblackwell24@prnewswire.com,537-811-4685,Human Resources,3.4,2025
1RV21AI127,Hyacinthia Brounfield,hbrounfield25@linkedin.com,836-128-9532,Research and Development,5.7,2027
1RV21EE213,D'arcy Brasner,dbrasner26@hubpages.com,941-119-8386,IT,9.6,2020
1RV21EC070,Micky Jeandon,mjeandon27@nhs.uk,817-345-2682,Sales,2.6,2027
1RV21AI274,Jonie Humpherston,jhumpherston28@whitehouse.gov,325-814-1739,Legal,1.9,2026
1RV21CV508,Scotty Sterland,ssterland29@oracle.com,943-614-3609,Marketing,7.7,2027
1RV21ME001,Wynn Ballister,wballister2a@biblegateway.com,333-958-9058,Human Resources,6.0,2028
1RV21IS553,Dianne Dagon,ddagon2b@pcworld.com,946-841-2016,Operations,6.5,2025
1RV21AI788,Alma Crepin,acrepin2c@hatena.ne.jp,934-687-9370,Sales,7.1,2028
1RV21CV971,Florencia Antonich,fantonich2d@ocn.ne.jp,493-861-0102,Public Relations,0.6,2025
1RV21ME485,Ezechiel Le Marquis,ele2e@yahoo.com,135-310-7304,Finance,7.5,2023
1RV21ME217,Deloris Catterson,dcatterson2f@canalblog.com,531-725-9025,Public Relations,2.0,2023
1RV21EE798,Florri Ennew,fennew2g@imdb.com,910-773-8158,Finance,8.1,2020
1RV21AI738,Andrea Wartnaby,awartnaby2h@cloudflare.com,648-286-6187,Customer Service,1.7,2030
1RV21EC738,Gay Pampling,gpampling2i@prnewswire.com,986-864-8144,Operations,0.3,2030
1RV21IS941,Hersh Sey,hsey2j@ox.ac.uk,921-735-7604,Human Resources,0.4,2027
1RV21EC962,Odell Archbald,oarchbald2k@zimbio.com,371-989-6095,Operations,4.1,2025
1RV21AI238,Taddeusz Clouter,tclouter2l@tuttocitta.it,885-529-1455,Human Resources,7.5,2022
1RV21IS547,Hertha Vitler,hvitler2m@home.pl,889-533-5270,Sales,1.5,2028
1RV21EE167,Augustin Carbonell,acarbonell2n@vk.com,337-187-3344,Human Resources,4.4,2030
1RV21AI498,Ingeborg Logie,ilogie2o@cnet.com,176-494-3540,Customer Service,5.8,2030
1RV21EE231,Etty Riddeough,eriddeough2p@businesswire.com,882-315-7638,Operations,8.3,2027
1RV21AI516,Kare Daglish,kdaglish2q@pcworld.com,872-193-9796,Research and Development,0.6,2021
1RV21EC238,Sheridan Bailles,sbailles2r@photobucket.com,839-312-0396,IT,0.7,2028
1RV21CV124,Gothart Pettinger,gpettinger2s@msn.com,180-381-1460,Public Relations,1.6,2021
1RV21AI391,Jaine Malthouse,jmalthouse2t@themeforest.net,416-393-0512,Finance,1.6,2026
1RV21ME773,Felix Grinishin,fgrinishin2u@vk.com,173-313-0708,Customer Service,9.1,2021
1RV21CS125,Pincas Bowdery,pbowdery2v@sciencedirect.com,346-252-5641,Operations,6.5,2029
1RV21CV570,Joeann Ruben,jruben2w@illinois.edu,859-455-0565,Human Resources,2.6,2023
1RV21EC576,Torre Walkden,twalkden2x@yellowpages.com,915-988-1933,Research and Development,8.1,2026
1RV21EC664,Fritz Puttnam,fputtnam2y@nba.com,651-850-8195,Human Resources,4.1,2026
1RV21CV875,Emanuele Rudolph,erudolph2z@newsvine.com,112-850-6051,Finance,7.7,2030
1RV21CV118,Mickie Polkinghorne,mpolkinghorne30@spotify.com,278-276-1480,Marketing,2.1,2024
1RV21CS172,Elsie Benes,ebenes31@freewebs.com,513-534-5213,IT,6.8,2027
1RV21EE357,Artus Tatem,atatem32@feedburner.com,501-806-4581,Sales,0.5,2026
1RV21ME412,Thelma Carverhill,tcarverhill33@jigsy.com,415-749-2630,Operations,3.1,2024
1RV21EC444,Bartolemo Lamort,blamort34@symantec.com,653-635-1442,Legal,3.9,2024
1RV21EE741,Hope Maharey,hmaharey35@squidoo.com,935-646-3619,Finance,2.3,2029
1RV21EC318,Dedra Algeo,dalgeo36@paginegialle.it,219-393-0636,Sales,0.1,2026
1RV21CV823,Zandra Myhill,zmyhill37@msu.edu,558-183-4665,Research and Development,9.8,2026
1RV21EC466,Bard Huebner,bhuebner38@yellowbook.com,167-217-5316,Legal,4.0,2027
1RV21IS112,Nanete Barbara,nbarbara39@ezinearticles.com,304-217-1548,Legal,7.8,2028
1RV21AI818,Romy Jaine,rjaine3a@w3.org,503-455-2172,Legal,0.2,2025
1RV21ME416,Bruis Brownsett,bbrownsett3b@hatena.ne.jp,732-204-3756,Customer Service,0.1,2030
1RV21CV084,Rebeca Nicklen,rnicklen3c@dailymotion.com,333-162-7726,Sales,3.7,2030
1RV21AI255,Alberik Labram,alabram3d@posterous.com,267-676-2322,Human Resources,8.8,2022
1RV21CS697,Thedrick Geraldi,tgeraldi3e@hexun.com,165-929-6627,Finance,6.9,2025
1RV21ME261,Bone Jailler,bjailler3f@odnoklassniki.ru,222-643-1440,Research and Development,5.7,2024
1RV21CV246,Theresa Heare,theare3g@theguardian.com,843-341-6420,Human Resources,1.2,2023
1RV21IS503,Aloysius Sherratt,asherratt3h@desdev.cn,962-969-8180,Customer Service,9.3,2020
1RV21EC807,Francoise Hammerstone,fhammerstone3i@cbslocal.com,163-612-0397,Operations,0.4,2028
1RV21CS229,Chase Arnoll,carnoll3j@unicef.org,773-884-4197,Finance,5.9,2026
1RV21EC454,Damaris Crosskill,dcrosskill3k@slideshare.net,609-326-3298,Operations,1.8,2027
1RV21CS936,Vladamir Karlsson,vkarlsson3l@google.nl,352-534-3184,Customer Service,3.3,2030
1RV21AI047,Bevan Jowling,bjowling3m@harvard.edu,731-394-8321,IT,4.2,2025
1RV21AI913,Tedda Letteresse,tletteresse3n@umich.edu,445-520-9123,IT,1.5,2021
1RV21AI805,Powell Vispo,pvispo3o@unblog.fr,799-528-6114,IT,9.6,2029
1RV21EE386,Robby Lanchberry,rlanchberry3p@mysql.com,931-472-9004,Public Relations,6.9,2020
1RV21IS400,Lars Outlaw,loutlaw3q@theglobeandmail.com,961-918-2352,Sales,4.6,2029
1RV21CS979,Laurel Blind,lblind3r@nba.com,619-870-2488,Customer Service,5.1,2020
1RV21ME359,Olympie MacCallion,omaccallion3s@freewebs.com,398-765-5920,Research and Development,9.4,2029
1RV21AI497,Arther Poveleye,apoveleye3t@reuters.com,405-858-3401,Legal,9.8,2027
1RV21EC749,Hali Boyton,hboyton3u@hubpages.com,938-873-2675,Customer Service,2.3,2029
1RV21CV556,Dag McFie,dmcfie3v@wikispaces.com,983-325-8381,Human Resources,2.0,2022
1RV21IS393,Ansell Goathrop,agoathrop3w@un.org,702-245-9322,Human Resources,5.1,2028
1RV21ME319,Venus Giorgietto,vgiorgietto3x@is.gd,937-928-4226,Legal,8.5,2020
1RV21ME652,Rodney Standing,rstanding3y@umich.edu,457-609-6014,Sales,0.5,2020
1RV21AI550,Isaiah Decruse,idecruse3z@de.vu,243-938-2796,Finance,4.2,2024
1RV21CS176,Gisella Worsley,gworsley40@jigsy.com,132-849-7251,IT,0.0,2027
1RV21EE290,Sophia Hawsby,shawsby41@home.pl,121-879-1581,Public Relations,6.6,2029
1RV21AI330,Kellyann Philp,kphilp42@spiegel.de,960-654-5949,Customer Service,7.5,2029
1RV21CS714,Mareah Blowne,mblowne43@arstechnica.com,373-644-7561,Finance,2.5,2022
1RV21EC990,Dolli Tremethack,dtremethack44@google.ru,210-509-8856,Marketing,0.8,2023
1RV21IS056,Penelope Aggio,paggio45@miibeian.gov.cn,272-407-2654,Finance,8.5,2028
1RV21ME014,Kalila Becks,kbecks46@nature.com,128-262-6539,Marketing,8.1,2020
1RV21CV027,Charmaine Skade,cskade47@people.com.cn,899-838-4295,Human Resources,8.8,2025
1RV21CV305,Carlie Coopey,ccoopey48@flavors.me,614-296-8520,Sales,6.9,2027
1RV21CV313,Kingsly Morena,kmorena49@virginia.edu,879-495-9135,Research and Development,4.9,2021
1RV21EC472,Sheela Beverley,sbeverley4a@imageshack.us,798-676-3243,Legal,8.8,2024
1RV21AI170,Terry Roadnight,troadnight4b@illinois.edu,670-556-0787,Marketing,8.8,2029
1RV21IS341,Dennet Gratland,dgratland4c@about.com,674-992-1813,Public Relations,6.1,2026
1RV21IS865,Roseanna Baudinot,rbaudinot4d@etsy.com,811-134-0075,Research and Development,2.3,2022
1RV21CS300,Jo ann Sheber,jann4e@fema.gov,773-973-0114,Finance,1.9,2030
1RV21EC740,Aubrey Yegorkov,ayegorkov4f@globo.com,977-921-1980,Marketing,4.2,2028
1RV21AI432,Talbot Godsell,tgodsell4g@nydailynews.com,793-602-7773,Public Relations,8.8,2021
1RV21ME668,Colver Ziemsen,cziemsen4h@fotki.com,700-720-0512,Public Relations,9.9,2030
1RV21CS143,Mateo Fludgate,mfludgate4i@techcrunch.com,669-892-4313,Customer Service,7.2,2024
1RV21CV359,Bing Barrasse,bbarrasse4j@phpbb.com,881-451-4320,Public Relations,4.2,2020
1RV21CS417,West Krollmann,wkrollmann4k@etsy.com,490-758-5986,Finance,1.2,2030
1RV21CV242,Herby Duckitt,hduckitt4l@about.me,989-258-0800,Research and Development,9.2,2026
1RV21EE688,Larissa Striker,lstriker4m@soup.io,529-729-7236,IT,1.2,2024
1RV21CV683,Jamesy Presidey,jpresidey4n@msn.com,982-665-8025,Human Resources,0.6,2029
1RV21ME890,Silvan Brushneen,sbrushneen4o@plala.or.jp,873-745-2965,Marketing,5.1,2020
1RV21AI948,Margaretha Tummons,mtummons4p@t.co,575-698-0092,IT,8.4,2024
1RV21EC266,Kattie Quoit,kquoit4q@intel.com,761-915-3278,Human Resources,8.4,2030
1RV21IS458,Hasheem Wadesworth,hwadesworth4r@narod.ru,914-384-1174,Finance,2.3,2028
1RV21AI011,Nerita Langthorne,nlangthorne4s@epa.gov,875-814-9031,Operations,3.4,2024
1RV21CV669,Gabey Quincey,gquincey4t@a8.net,764-201-9251,Operations,1.3,2022
1RV21EE467,Sherri Dalgliesh,sdalgliesh4u@fotki.com,274-620-6023,Human Resources,5.6,2021
1RV21CS795,Shae Andrus,sandrus4v@feedburner.com,371-751-2145,Public Relations,5.8,2021
1RV21IS917,Tulley Moulson,tmoulson4w@paginegialle.it,915-277-9360,Sales,6.0,2030
1RV21AI596,Lorens Chipp,lchipp4x@auda.org.au,672-977-9571,Customer Service,7.1,2021
1RV21CS534,Bendix Szwarc,bszwarc4y@artisteer.com,879-878-5937,Public Relations,5.2,2027
1RV21CV195,Kaspar Scrivener,kscrivener4z@amazon.co.uk,475-657-7736,Customer Service,0.6,2026
1RV21EC509,Nady Delos,ndelos50@bbb.org,553-973-1385,Sales,3.6,2029
1RV21IS471,Pietrek Hoolaghan,phoolaghan51@thetimes.co.uk,638-118-7223,Human Resources,0.9,2022
1RV21EC503,Margeaux Greenhalf,mgreenhalf52@intel.com,345-215-0945,Operations,9.5,2024
1RV21IS016,Patrizia Denison,pdenison53@sourceforge.net,355-623-5552,Public Relations,9.0,2022
1RV21CS045,Elinore Latour,elatour54@naver.com,906-933-2779,Sales,2.0,2029
1RV21ME148,Corrina Spurrior,cspurrior55@comsenz.com,960-805-9905,Sales,9.5,2022
1RV21EC441,Chrystel Yellowlees,cyellowlees56@wsj.com,505-508-7610,Legal,6.6,2028
1RV21IS720,Kaitlynn Herrema,kherrema57@imdb.com,903-697-1546,IT,9.8,2029
1RV21EC896,Annecorinne Bloxsum,abloxsum58@mashable.com,813-777-1378,Sales,4.8,2023
1RV21EC484,Krista Carlisi,kcarlisi59@mtv.com,374-502-1351,Human Resources,6.9,2029
1RV21CV892,Wrennie Dorgan,wdorgan5a@npr.org,985-960-6375,Marketing,8.9,2022
1RV21CS408,Alexandr Povah,apovah5b@mozilla.org,584-219-0645,Operations,8.4,2024
1RV21ME153,Darnall Seiter,dseiter5c@senate.gov,938-238-6245,Human Resources,1.6,2024
1RV21IS135,Spense Drance,sdrance5d@whitehouse.gov,161-744-7723,Research and Development,3.0,2024
1RV21CS988,Alyss Sowley,asowley5e@buzzfeed.com,310-993-2230,Operations,0.5,2021
1RV21AI156,Thain Dannett,tdannett5f@studiopress.com,165-441-7568,Customer Service,3.1,2026
1RV21CS460,Rock Starsmeare,rstarsmeare5g@cpanel.net,637-125-9665,Legal,0.1,2020
1RV21EE669,Freida Helling,fhelling5h@dyndns.org,631-884-8426,Sales,3.6,2025
1RV21CV096,Irwinn McSherry,imcsherry5i@i2i.jp,146-897-8047,Marketing,4.3,2026
1RV21EE807,Maury Coonan,mcoonan5j@arstechnica.com,555-770-9943,Operations,3.6,2027
1RV21EC859,Wade Calverd,wcalverd5k@yandex.ru,236-691-8322,Research and Development,4.9,2026
1RV21IS546,Chandler Fruchter,cfruchter5l@redcross.org,117-852-1235,Customer Service,4.2,2020
1RV21ME225,Jocelin Sealove,jsealove5m@unesco.org,886-187-7739,Public Relations,9.3,2025
1RV21CS418,Ansel Mephan,amephan5n@theatlantic.com,872-461-1098,IT,9.4,2028
1RV21EE300,Carmine Canas,ccanas5o@list-manage.com,316-646-8604,Sales,4.6,2029
1RV21ME376,Estelle Boshier,eboshier5p@army.mil,338-978-5016,Finance,8.4,2029
1RV21IS604,Hertha Pavett,hpavett5q@home.pl,957-834-2704,Sales,4.1,2021
1RV21CS351,Odette Jaquest,ojaquest5r@stanford.edu,733-790-9982,Legal,9.0,2025
1RV21IS287,Koralle Scotchmur,kscotchmur5s@who.int,829-891-2806,Sales,4.1,2020
1RV21CV214,Latia Dorbon,ldorbon5t@slashdot.org,267-920-1382,Customer Service,3.3,2026
1RV21IS616,Lancelot Brimble,lbrimble5u@statcounter.com,553-276-9414,Sales,3.4,2030
1RV21CS671,Tanitansy Gile,tgile5v@auda.org.au,800-488-8350,Customer Service,0.9,2029
1RV21EC908,Mirelle Stitson,mstitson5w@chron.com,664-859-2061,Public Relations,0.2,2024
1RV21CS206,Oona Sabates,osabates5x@apache.org,583-283-6228,Customer Service,9.5,2027
1RV21CS471,Sawyer Smalls,ssmalls5y@rakuten.co.jp,683-630-7855,Marketing,6.2,2029
1RV21CS075,Tabbie Loosemore,tloosemore5z@discuz.net,344-573-6498,Legal,0.7,2029
1RV21IS493,Michaeline Hartopp,mhartopp60@addtoany.com,305-198-1364,Public Relations,8.9,2027
1RV21AI446,Fredericka Rugiero,frugiero61@imdb.com,378-230-9195,Operations,2.7,2029
1RV21IS618,Ferguson L'argent,flargent62@webs.com,888-991-7784,Marketing,8.6,2028
1RV21EC411,Sallyanne Isaksson,sisaksson63@sciencedirect.com,325-329-8872,Finance,6.0,2029
1RV21EC875,Murial Draaisma,mdraaisma64@google.com.au,121-687-5604,Human Resources,4.6,2028
1RV21CV001,Dorey Noot,dnoot65@feedburner.com,989-740-1386,Finance,3.0,2029
1RV21EE278,Nessi Franzoli,nfranzoli66@hubpages.com,453-659-9084,Human Resources,6.6,2021
1RV21ME722,Sally Slyman,sslyman67@reddit.com,831-764-7424,Customer Service,0.7,2025
1RV21ME417,Kikelia Rattray,krattray68@scribd.com,867-631-1539,Operations,6.3,2027
1RV21EC816,Dunn Mulqueen,dmulqueen69@chronoengine.com,143-315-1812,Legal,8.0,2028
1RV21ME952,Maurise Kachel,mkachel6a@ebay.com,529-347-8656,Operations,9.6,2027
1RV21EE205,Grover Suddards,gsuddards6b@squarespace.com,726-750-6275,Legal,4.3,2020
1RV21EC187,Trudie Carress,tcarress6c@scientificamerican.com,686-716-0423,Public Relations,3.5,2025
1RV21IS138,Padraig Cottrell,pcottrell6d@com.com,663-431-9251,Marketing,1.9,2030
1RV21EC803,Gerhardt Ivankov,givankov6e@cornell.edu,821-367-0552,Operations,4.3,2030
1RV21EC973,Hillel Dubble,hdubble6f@tripod.com,277-922-3237,Public Relations,8.0,2028
1RV21CS271,Tonye Meigh,tmeigh6g@senate.gov,383-815-4846,Operations,8.9,2028
1RV21CV876,Nevin Gounet,ngounet6h@nbcnews.com,526-117-5026,Marketing,3.4,2030
1RV21CS440,Deanna Backs,dbacks6i@macromedia.com,132-347-8577,Human Resources,5.0,2026
1RV21CS670,Mab Bastone,mbastone6j@nba.com,427-291-1604,Public Relations,9.3,2020
1RV21EE915,Jose Bolino,jbolino6k@de.vu,728-752-7523,Operations,5.5,2025
1RV21EC641,Ernie Stelljes,estelljes6l@squarespace.com,358-551-8495,Legal,2.9,2023
1RV21AI650,Karin Tooker,ktooker6m@techcrunch.com,765-788-6036,Research and Development,6.9,2021
1RV21EC940,Bary Hamilton,bhamilton6n@mtv.com,496-584-8152,Human Resources,1.7,2023
1RV21CS711,Brose Keohane,bkeohane6o@scientificamerican.com,229-593-0387,Marketing,7.9,2020
1RV21AI678,Syman McKinty,smckinty6p@soundcloud.com,839-121-6966,Research and Development,5.3,2028
1RV21EE703,Ines Labuschagne,ilabuschagne6q@huffingtonpost.com,389-158-1146,Marketing,0.3,2027
1RV21CV393,Townsend Weekley,tweekley6r@springer.com,678-690-6536,Operations,5.0,2020
1RV21AI125,Leontine MacHarg,lmacharg6s@cpanel.net,629-909-4558,Human Resources,0.0,2026
1RV21CV448,Yetta Sturte,ysturte6t@uol.com.br,589-917-7627,Marketing,4.9,2025
1RV21CS859,Jeannette Gowing,jgowing6u@oakley.com,531-964-7855,Human Resources,1.6,2025
1RV21CV092,Chiarra Jennions,cjennions6v@deliciousdays.com,430-445-4896,Research and Development,5.0,2024
1RV21AI678,Jemmy Gotts,jgotts6w@who.int,792-500-9252,Public Relations,6.8,2026
1RV21IS572,Naoma Clarkin,nclarkin6x@fastcompany.com,782-423-5901,Research and Development,2.7,2027
1RV21IS441,Tricia Atkins,tatkins6y@smugmug.com,431-442-3129,Sales,5.3,2027
1RV21ME498,Teddy Prosser,tprosser6z@cdc.gov,537-856-6970,Operations,9.2,2028
1RV21EC999,Ferrell Philp,fphilp70@oracle.com,587-495-3723,Research and Development,0.6,2029
1RV21AI411,Berti Sircomb,bsircomb71@cisco.com,365-207-5521,Customer Service,1.5,2024
1RV21IS157,Cameron Quemby,cquemby72@photobucket.com,285-344-8191,Marketing,4.5,2024
1RV21ME815,Teddie Edmed,tedmed73@printfriendly.com,698-695-5865,Public Relations,1.3,2023
1RV21AI683,Selena Coronado,scoronado74@ca.gov,234-374-4738,Marketing,3.5,2021
1RV21CV823,Staci Murty,smurty75@globo.com,394-700-2400,Customer Service,0.7,2029
1RV21CV776,Herby Cruickshanks,hcruickshanks76@1und1.de,676-215-2527,Finance,5.2,2025
1RV21EE302,Shaina Kwiek,skwiek77@163.com,673-216-4327,Customer Service,6.9,2026
1RV21ME619,Alta Goggan,agoggan78@hhs.gov,388-292-7570,Sales,8.7,2026
1RV21CV451,Anders Gailor,agailor79@timesonline.co.uk,316-847-5752,Research and Development,8.5,2029
1RV21CV140,Gregorio Vinton,gvinton7a@domainmarket.com,211-455-6764,Public Relations,8.7,2023
1RV21ME854,Kendre Took,ktook7b@edublogs.org,389-481-3005,Human Resources,9.7,2021
1RV21IS478,Prudy Fremantle,pfremantle7c@prnewswire.com,917-309-5598,Marketing,9.6,2026
1RV21CV583,Riordan Sabatini,rsabatini7d@cyberchimps.com,896-585-0618,Research and Development,3.5,2030
1RV21AI344,Damaris Garfit,dgarfit7e@archive.org,583-657-7050,Research and Development,1.1,2027
1RV21AI380,Sauveur Warbeys,swarbeys7f@berkeley.edu,388-641-1964,Public Relations,1.9,2023
1RV21IS907,Giacopo Snazle,gsnazle7g@shareasale.com,522-967-8068,Operations,5.8,2025
1RV21ME016,Pandora Wooldridge,pwooldridge7h@amazonaws.com,173-125-3109,Operations,4.1,2020
1RV21IS339,Enrika Drydale,edrydale7i@surveymonkey.com,213-550-9434,Research and Development,6.7,2026
1RV21AI958,Delphine Stowers,dstowers7j@topsy.com,921-270-6282,IT,6.0,2025
1RV21CS009,Marjorie Peddel,mpeddel7k@chicagotribune.com,828-625-6303,Operations,1.0,2027
1RV21AI315,Whittaker Gathwaite,wgathwaite7l@squarespace.com,325-498-8882,Sales,3.3,2030
1RV21ME724,Lynelle Gogin,lgogin7m@va.gov,172-259-9122,Legal,5.1,2024
1RV21EE005,Damiano Dimitresco,ddimitresco7n@usatoday.com,686-721-7300,Legal,0.3,2027
1RV21EE362,Stefa Foulgham,sfoulgham7o@storify.com,324-323-3126,Human Resources,4.6,2024
1RV21EC622,Emmett Jaqueminet,ejaqueminet7p@bizjournals.com,386-521-6177,Operations,8.8,2021
1RV21AI440,Sukey Khristyukhin,skhristyukhin7q@kickstarter.com,718-257-7676,IT,6.8,2022
1RV21CV868,Bartel Feifer,bfeifer7r@answers.com,620-107-8567,Customer Service,8.7,2026
1RV21CS059,Licha Antoney,lantoney7s@ucoz.ru,531-750-0277,Operations,8.5,2024
1RV21IS665,Kendre Gianninotti,kgianninotti7t@mlb.com,258-611-4096,Customer Service,1.9,2024
1RV21EC080,Jonathan Haldin,jhaldin7u@businesswire.com,893-608-7932,Legal,8.8,2020
1RV21ME544,Salome Whatling,swhatling7v@twitpic.com,222-925-2889,Marketing,1.9,2027
1RV21ME431,Lucine Foxwell,lfoxwell7w@usatoday.com,830-597-3405,Finance,5.4,2023
1RV21CV355,Sena Laughlan,slaughlan7x@typepad.com,446-399-3574,Finance,1.0,2027
1RV21EE621,Llywellyn Rubens,lrubens7y@g.co,246-391-1730,Operations,1.9,2030
1RV21CV936,Thornie Cranson,tcranson7z@wired.com,739-451-4323,Public Relations,9.1,2024
1RV21CV268,Chiquia O'Drought,codrought80@1und1.de,324-126-1547,Operations,8.7,2029
1RV21EE436,Ninnette Shoutt,nshoutt81@shinystat.com,649-720-3246,IT,8.9,2021
1RV21EE308,Garvin Colbourne,gcolbourne82@phoca.cz,488-509-5691,Operations,4.2,2025
1RV21IS118,Isaak Wenger,iwenger83@meetup.com,302-808-2340,Finance,0.4,2021
1RV21ME469,Georgianne Brooker,gbrooker84@hostgator.com,654-708-1737,IT,4.4,2021
1RV21IS527,Tamma Coulling,tcoulling85@dropbox.com,315-373-2439,Legal,1.9,2026
1RV21ME935,Radcliffe Scholer,rscholer86@nytimes.com,819-312-4367,Customer Service,2.7,2029
1RV21CS435,Titos Bailles,tbailles87@biglobe.ne.jp,281-518-6914,Finance,6.5,2020
1RV21IS614,Honoria Trass,htrass88@yahoo.co.jp,341-542-1145,Sales,5.8,2025
1RV21ME532,Care Pellington,cpellington89@elpais.com,655-402-0246,Customer Service,5.5,2026
1RV21AI448,Kirsteni Serrurier,kserrurier8a@cnbc.com,915-363-1327,Human Resources,4.5,2022
1RV21AI371,Dalli Lorkings,dlorkings8b@si.edu,731-434-6906,Sales,3.8,2029
1RV21ME245,Wendie Kluger,wkluger8c@toplist.cz,739-223-2139,Human Resources,4.8,2027
1RV21EE945,Hart Predohl,hpredohl8d@mayoclinic.com,143-261-8808,Human Resources,6.6,2022
1RV21AI536,Gerry Sember,gsember8e@photobucket.com,524-355-2124,IT,4.3,2028
1RV21AI940,Tildy Punton,tpunton8f@is.gd,652-959-7651,Human Resources,3.7,2030
1RV21CV582,Aleece Dimberline,adimberline8g@so-net.ne.jp,757-471-7062,Public Relations,9.5,2026
1RV21EE966,Asia Teall,ateall8h@sbwire.com,946-405-2378,Finance,7.7,2028
1RV21CV838,Hillard Walduck,hwalduck8i@cpanel.net,870-782-9628,Human Resources,6.8,2022
1RV21CV965,Constancy Crummie,ccrummie8j@cloudflare.com,760-206-7816,Operations,3.8,2022
1RV21EC163,Nannie Barrell,nbarrell8k@com.com,222-678-7112,Sales,7.3,2023
1RV21EE897,Nola Christian,nchristian8l@wix.com,983-158-5543,Finance,6.2,2020
1RV21AI486,Estevan Rouby,erouby8m@nydailynews.com,932-868-1701,Finance,6.1,2021
1RV21EC133,Evania Tiltman,etiltman8n@geocities.jp,837-859-1920,Human Resources,1.4,2028
1RV21CV920,Charmaine McComiskey,cmccomiskey8o@microsoft.com,654-395-5722,Legal,8.1,2030
1RV21AI986,Hurlee Daice,hdaice8p@soundcloud.com,103-810-3707,Marketing,0.4,2024
1RV21CV160,Randie Bromwich,rbromwich8q@technorati.com,384-231-9177,Customer Service,4.3,2025
1RV21ME729,Fabe Monteaux,fmonteaux8r@rambler.ru,627-951-4110,Marketing,4.9,2025
1RV21IS808,Issi Classen,iclassen8s@jimdo.com,200-737-6258,Operations,6.8,2028
1RV21CV863,Cloe Cookes,ccookes8t@phoca.cz,457-518-6694,Marketing,2.6,2026
1RV21CS471,Shannan Denyagin,sdenyagin8u@slideshare.net,858-993-5663,IT,9.2,2025
1RV21AI565,Sibel Brabant,sbrabant8v@webnode.com,593-749-7468,Human Resources,6.9,2021
1RV21CS736,Willabella Merrell,wmerrell8w@marketwatch.com,603-320-0902,IT,9.8,2027
1RV21EE222,Worth Vowells,wvowells8x@xinhuanet.com,756-308-7071,Public Relations,3.8,2023
1RV21ME649,Marlow Pottberry,mpottberry8y@whitehouse.gov,378-245-2289,Human Resources,2.4,2022
1RV21IS615,Orel Stroulger,ostroulger8z@barnesandnoble.com,738-956-0870,Marketing,1.4,2028
1RV21ME018,Cordula Goalley,cgoalley90@arizona.edu,603-645-4456,Public Relations,7.7,2025
1RV21CV599,Mallory Knibb,mknibb91@stanford.edu,109-654-6613,Human Resources,4.4,2025
1RV21IS686,Dulcia Negro,dnegro92@telegraph.co.uk,874-121-4836,Legal,5.5,2022
1RV21EE236,Uriel Blakebrough,ublakebrough93@prlog.org,666-202-4223,Marketing,2.3,2030
1RV21ME904,Delores Caccavella,dcaccavella94@apache.org,469-227-2422,IT,2.7,2022
1RV21CV096,Christoffer Bromfield,cbromfield95@amazon.co.jp,979-521-6260,Customer Service,3.1,2020
1RV21ME858,Kerr Link,klink96@soundcloud.com,207-454-3535,Marketing,8.6,2023
1RV21IS285,Dasha Mouncher,dmouncher97@un.org,136-884-5770,Operations,7.9,2024
1RV21AI049,Aurel Grass,agrass98@latimes.com,615-276-4512,IT,4.3,2030
1RV21CV630,Inglebert Thumann,ithumann99@usatoday.com,892-317-7842,Customer Service,7.0,2020
1RV21CS240,Jacki Varnes,jvarnes9a@ifeng.com,834-910-8712,Operations,9.0,2023
1RV21EE219,Hector Virgo,hvirgo9b@comcast.net,544-312-2238,Sales,0.8,2026
1RV21EC270,Lou Veque,lveque9c@theguardian.com,147-143-0322,Operations,3.2,2024
1RV21EC956,Zorine Doche,zdoche9d@chicagotribune.com,816-412-9359,IT,9.6,2025
1RV21EC115,Luciano Rearden,lrearden9e@amazon.co.jp,960-677-3394,Human Resources,9.2,2021
1RV21CV027,Darla Dempsey,ddempsey9f@mapquest.com,127-859-5753,Public Relations,6.7,2024
1RV21AI275,Trixy Healks,thealks9g@mysql.com,672-623-5938,Public Relations,8.6,2022
1RV21CS846,Sigismund Halmkin,shalmkin9h@nyu.edu,217-372-9676,Customer Service,4.2,2025
1RV21ME819,Lorene Greveson,lgreveson9i@bbb.org,123-217-4052,Public Relations,6.8,2021
1RV21EC372,Blithe Gaitley,bgaitley9j@blogspot.com,973-864-4497,IT,8.3,2020
1RV21IS260,Brigid Batts,bbatts9k@sourceforge.net,389-808-6077,Finance,1.2,2024
1RV21AI301,Sal Hagwood,shagwood9l@usatoday.com,920-156-0273,Legal,0.2,2026
1RV21IS237,Karine Willoughley,kwilloughley9m@tinyurl.com,558-577-8350,Finance,4.0,2024
1RV21EE320,Bernadette Mycock,bmycock9n@pagesperso-orange.fr,355-932-4207,Research and Development,6.8,2022
1RV21ME511,Celle Admans,cadmans9o@w3.org,623-484-4396,Sales,2.1,2029
1RV21CS970,Mureil Menendez,mmenendez9p@harvard.edu,629-148-5137,IT,0.6,2030
1RV21ME682,Hannah Jeppensen,hjeppensen9q@vimeo.com,436-585-8042,Human Resources,2.3,2029
1RV21EE429,Alvira Kissock,akissock9r@cbslocal.com,116-604-0120,Operations,3.7,2026
1RV21EE827,Maiga Silverston,msilverston9s@miitbeian.gov.cn,672-797-8603,Operations,0.4,2021
1RV21CV663,Roobbie Thew,rthew9t@narod.ru,892-449-4893,Operations,4.2,2023
1RV21AI133,Gavan Probert,gprobert9u@nifty.com,642-738-1127,Legal,2.5,2029
1RV21ME154,Friedrich Ketch,fketch9v@yahoo.com,849-400-7964,Research and Development,7.4,2026
1RV21EE323,Horace Daybell,hdaybell9w@bloglovin.com,117-141-7972,Customer Service,3.9,2021
1RV21CS405,Lilith Darbishire,ldarbishire9x@webnode.com,232-453-4200,Research and Development,7.1,2026
1RV21CS082,Saudra Deverick,sdeverick9y@omniture.com,420-861-1294,IT,0.3,2029
1RV21IS902,Frederica Beattie,fbeattie9z@meetup.com,510-310-8057,IT,7.8,2028
1RV21ME259,Charlena Haugen,chaugena0@weebly.com,810-983-1236,Operations,1.3,2030
1RV21EC442,De witt Josefowicz,dwitta1@paypal.com,379-108-4930,Human Resources,8.4,2022
1RV21EE975,Christoforo Hablet,chableta2@mozilla.org,777-909-5282,Sales,9.8,2025
1RV21EC783,Garrek Ebhardt,gebhardta3@newsvine.com,290-316-6911,Operations,6.3,2028
1RV21CV089,Meade Hallbird,mhallbirda4@tripadvisor.com,539-804-1793,Human Resources,1.7,2023
1RV21CS198,Arri Broadhurst,abroadhursta5@archive.org,995-353-0531,Human Resources,7.2,2022
1RV21EC801,Bob Dole,bdolea6@biglobe.ne.jp,209-913-5559,IT,6.1,2025
1RV21ME193,Zelig Kimblen,zkimblena7@yellowpages.com,340-367-9110,Finance,10.0,2025
1RV21CS099,Eal Woodwind,ewoodwinda8@cbsnews.com,690-558-1957,Customer Service,0.1,2030
1RV21EE688,Gerta Rockwell,grockwella9@tuttocitta.it,166-528-8090,IT,9.9,2023
1RV21CS354,Baryram Youings,byouingsaa@pbs.org,824-950-6922,Human Resources,3.1,2030
1RV21ME596,Chris Halladey,challadeyab@ovh.net,508-140-7625,Finance,5.5,2021
1RV21EC668,Diane Cowing,dcowingac@yale.edu,999-244-6445,Customer Service,1.4,2027
1RV21ME279,Jennine Dougill,jdougillad@foxnews.com,824-581-3279,Sales,0.3,2021
1RV21AI599,Dacy Delahunty,ddelahuntyae@wunderground.com,403-229-4629,Human Resources,7.0,2022
1RV21EC826,Nye O'Lynn,nolynnaf@squarespace.com,358-813-5684,Public Relations,1.9,2029
1RV21ME247,Mina Breckon,mbreckonag@opensource.org,437-624-6444,Customer Service,5.1,2024
1RV21CS503,Aundrea Harower,aharowerah@columbia.edu,838-972-8884,Finance,9.6,2028
1RV21IS910,Suellen Ronci,sronciai@moonfruit.com,898-141-5820,Research and Development,8.7,2025
1RV21IS123,Laughton Wreath,lwreathaj@technorati.com,956-162-5522,Human Resources,5.9,2029
1RV21ME339,Royall Klimczak,rklimczakak@apache.org,814-846-8610,Sales,4.0,2024
1RV21IS866,Brigitta Hein,bheinal@google.pl,609-177-5998,Public Relations,9.9,2029
1RV21EC020,Donovan Dyshart,ddyshartam@ow.ly,531-621-0727,Finance,2.5,2026
1RV21AI037,Irwinn Vanyatin,ivanyatinan@soup.io,316-998-3616,Customer Service,9.5,2020
1RV21EC128,Hulda Goodie,hgoodieao@fc2.com,551-721-7937,Human Resources,5.6,2024
1RV21ME124,Elmira Lohoar,elohoarap@webeden.co.uk,711-109-7842,Research and Development,6.0,2027
1RV21CV980,Rivy Diamond,rdiamondaq@moonfruit.com,919-878-2097,Customer Service,8.0,2030
1RV21EE636,Chiquia Escalera,cescaleraar@networksolutions.com,441-762-6355,IT,1.8,2023
1RV21AI019,Terrye De Cruce,tdeas@usda.gov,923-410-0925,Finance,9.0,2023
1RV21CS048,Troy Coye,tcoyeat@behance.net,509-460-2429,Operations,8.3,2021
1RV21EC670,Nickolas Buttriss,nbuttrissau@unblog.fr,999-882-6682,Human Resources,5.7,2025
1RV21AI028,Melany Anwyl,manwylav@blog.com,957-363-6599,Finance,8.0,2026
1RV21CV887,Amble Sogg,asoggaw@yahoo.co.jp,664-423-6185,Finance,5.8,2021
1RV21CS804,Boone Lauchlan,blauchlanax@uiuc.edu,171-238-4887,IT,5.5,2029
1RV21AI418,Felix Lyste,flysteay@go.com,894-305-9655,Marketing,3.6,2023
1RV21EE959,Joby Diemer,jdiemeraz@networksolutions.com,481-392-3375,Customer Service,8.9,2024
1RV21ME898,Raymond Michel,rmichelb0@google.it,807-489-3259,Research and Development,4.4,2020
1RV21ME788,Micky Spall,mspallb1@infoseek.co.jp,691-776-0616,Human Resources,2.8,2026
1RV21EC054,Roi Camous,rcamousb2@youtu.be,910-914-0318,Finance,5.6,2021
1RV21IS015,Elspeth Rawdales,erawdalesb3@drupal.org,493-312-1883,Finance,2.5,2028
1RV21AI580,Morton Simenot,msimenotb4@mediafire.com,970-683-4539,Sales,1.3,2030
1RV21EC258,Felita Corben,fcorbenb5@ning.com,679-843-0893,Human Resources,6.8,2029
1RV21IS403,Whitman Bosson,wbossonb6@indiatimes.com,519-796-6888,Marketing,9.5,2027
1RV21CS769,Denice Twinn,dtwinnb7@fc2.com,691-115-1335,Human Resources,4.0,2030
1RV21CV772,Fin Metcalf,fmetcalfb8@hibu.com,688-102-9487,Public Relations,5.2,2029
1RV21EC818,Josi Overthrow,joverthrowb9@slashdot.org,521-642-0069,Human Resources,7.5,2025
1RV21ME164,Dawn Issacof,dissacofba@edublogs.org,771-651-7916,Customer Service,0.5,2027
1RV21CV935,Cele Pinnock,cpinnockbb@japanpost.jp,568-607-8280,Customer Service,7.6,2023
1RV21EE375,Heall Normanell,hnormanellbc@whitehouse.gov,380-176-8362,Sales,8.3,2025
1RV21CS206,Aloysius Meekins,ameekinsbd@house.gov,819-768-0215,Legal,4.7,2030
1RV21ME161,Alfons Sexty,asextybe@ustream.tv,873-786-4888,IT,5.8,2020
1RV21ME639,Helge Fulk,hfulkbf@google.com.hk,393-904-6165,IT,0.8,2026
1RV21CS601,Ludvig Fulks,lfulksbg@parallels.com,837-545-5969,Research and Development,2.7,2027
1RV21AI642,Casey Kretchmer,ckretchmerbh@a8.net,416-626-1821,Customer Service,3.3,2024
1RV21ME208,Noreen Smeeton,nsmeetonbi@hao123.com,665-955-8176,Public Relations,4.7,2023
1RV21EE487,Shara Boards,sboardsbj@scientificamerican.com,574-682-0108,Customer Service,7.1,2025
1RV21ME783,Ailee Jostan,ajostanbk@e-recht24.de,301-424-6996,Sales,8.8,2022
1RV21ME629,Niko Laidler,nlaidlerbl@nationalgeographic.com,298-956-8198,Finance,2.5,2024
1RV21EE074,Ozzy Farnell,ofarnellbm@sfgate.com,442-239-1953,Human Resources,8.5,2025
1RV21CV700,Rustie Midlane,rmidlanebn@newyorker.com,818-177-2409,Sales,7.9,2028
1RV21AI431,Tito Shilladay,tshilladaybo@a8.net,742-831-0075,Public Relations,9.5,2021
1RV21AI834,Bengt Adrain,badrainbp@liveinternet.ru,343-578-3635,Human Resources,9.3,2029
1RV21IS526,Jakie Varah,jvarahbq@chron.com,488-258-8851,Human Resources,9.1,2028
1RV21EE177,Idalia Cathrae,icathraebr@histats.com,623-273-1858,Research and Development,8.7,2030
1RV21CV976,Claribel Le Teve,clebs@dion.ne.jp,447-574-8077,Operations,1.8,2024
1RV21IS204,Vassili Hannen,vhannenbt@hud.gov,869-679-2219,Sales,4.8,2029
1RV21IS439,Glynn Scandrite,gscandritebu@wsj.com,775-150-2799,Finance,0.7,2023
1RV21EE355,Prentiss Redholes,predholesbv@newyorker.com,497-317-8128,Human Resources,1.0,2025
1RV21CV577,Genvieve Ciottoi,gciottoibw@about.com,860-733-7609,Marketing,5.3,2021
1RV21CS564,Wilbur Paszak,wpaszakbx@earthlink.net,895-251-0822,IT,7.1,2029
1RV21IS912,Mandy Rymour,mrymourby@simplemachines.org,505-261-1923,Public Relations,4.4,2025
1RV21AI678,Barbara Donohue,bdonohuebz@ustream.tv,652-192-6340,Public Relations,7.4,2030
1RV21IS217,Rock Jezzard,rjezzardc0@clickbank.net,292-284-6475,Customer Service,3.2,2022
1RV21ME841,Mervin Verbeek,mverbeekc1@slideshare.net,774-172-4507,Operations,1.9,2020
1RV21CS338,Spencer Pettifer,spettiferc2@ifeng.com,558-993-2313,IT,7.1,2025
1RV21IS998,Cordell Reily,creilyc3@unicef.org,368-724-9267,Research and Development,2.6,2027
1RV21ME492,Sonnie Strickett,sstrickettc4@census.gov,971-975-2326,Human Resources,1.4,2020
1RV21ME781,Bradan Osler,boslerc5@hexun.com,455-902-7754,Human Resources,3.4,2024
1RV21EC241,Naoma Caldera,ncalderac6@eepurl.com,999-439-4783,Public Relations,6.3,2025
1RV21EC728,Kristen Wafer,kwaferc7@sbwire.com,476-667-6000,IT,2.3,2020
1RV21AI468,Casandra Merry,cmerryc8@typepad.com,297-348-3934,Sales,8.0,2026
1RV21CV422,Thorstein Peachman,tpeachmanc9@shinystat.com,117-651-0784,IT,3.8,2025
1RV21CS401,Jonathon McMakin,jmcmakinca@booking.com,129-780-1870,Human Resources,7.9,2021
1RV21CV253,Neall Brigham,nbrighamcb@hc360.com,728-655-6623,Operations,5.9,2021
1RV21CV245,Raymond Blunt,rbluntcc@about.me,460-641-0169,Marketing,6.7,2025
1RV21IS524,Jeni Skyme,jskymecd@opensource.org,620-170-3169,Finance,9.2,2022
1RV21IS234,Ainsley O'Dowling,aodowlingce@eventbrite.com,886-342-0034,IT,1.7,2024
1RV21IS277,Lauree Cunnington,lcunningtoncf@sogou.com,844-716-6089,Legal,4.2,2027
1RV21AI167,Poppy Duffell,pduffellcg@w3.org,933-952-5542,Sales,6.3,2022
1RV21ME983,Tait Elland,tellandch@disqus.com,127-410-3075,Human Resources,6.1,2024
1RV21CS813,Lawrence Hurren,lhurrenci@surveymonkey.com,487-638-1081,Finance,4.6,2027
1RV21CV153,Brena Brownstein,bbrownsteincj@photobucket.com,560-759-3326,Finance,2.6,2027
1RV21AI310,Benji von Nassau,bvonck@bing.com,728-103-2464,Operations,3.9,2029
1RV21IS971,Cherice Aizlewood,caizlewoodcl@disqus.com,561-844-6431,Human Resources,4.0,2029
1RV21CS518,Dene Whitney,dwhitneycm@sphinn.com,662-117-3861,Finance,4.5,2029
1RV21EC227,Winne Coultass,wcoultasscn@yale.edu,106-607-6070,Research and Development,2.7,2024
1RV21IS561,Bone MacFadzean,bmacfadzeanco@forbes.com,981-604-1992,Research and Development,3.9,2025
1RV21ME517,Pat Huskinson,phuskinsoncp@businesswire.com,930-379-4500,Legal,7.0,2026
1RV21CV977,Jacques Austwick,jaustwickcq@economist.com,642-143-3941,Finance,0.7,2024
1RV21CS616,Kassandra Aldis,kaldiscr@t.co,368-621-7137,Research and Development,7.9,2022
1RV21ME801,Addie Chifney,achifneycs@whitehouse.gov,441-511-0551,Customer Service,4.9,2030
1RV21CV950,Annabella Mash,amashct@apache.org,792-419-5148,Customer Service,3.5,2023
1RV21IS577,Ronnica Swatman,rswatmancu@gmpg.org,809-664-7929,Sales,3.7,2024
1RV21CV917,Gardner Vogeller,gvogellercv@wisc.edu,148-770-9633,Legal,4.7,2025
1RV21EC728,Morty Sharrock,msharrockcw@ox.ac.uk,336-385-9672,Research and Development,6.7,2030
1RV21AI997,Saudra Padilla,spadillacx@europa.eu,479-123-8688,Operations,9.9,2023
1RV21AI033,Hestia Habeshaw,hhabeshawcy@people.com.cn,789-694-1451,Research and Development,6.9,2023
1RV21CS301,Aldon Fredi,afredicz@toplist.cz,577-107-5323,Legal,4.3,2023
1RV21ME683,Terri-jo Ottewill,tottewilld0@mapy.cz,837-192-4859,Operations,9.9,2022
1RV21EC119,Peirce O'Fearguise,pofearguised1@reference.com,623-396-6421,Operations,2.1,2026
1RV21AI305,Arluene Thorogood,athorogoodd2@addtoany.com,660-491-5194,Legal,7.4,2029
1RV21IS013,Freemon Thulborn,fthulbornd3@jimdo.com,835-826-9664,Research and Development,2.1,2028
1RV21AI233,Art Bushnell,abushnelld4@phpbb.com,898-694-3927,IT,5.5,2024
1RV21AI026,Adelaida Edser,aedserd5@opensource.org,593-343-6206,Legal,4.0,2024
1RV21IS819,Sherilyn Deverock,sdeverockd6@amazon.co.uk,977-730-4395,Legal,1.0,2020
1RV21CV743,Mia Road,mroadd7@jugem.jp,438-165-0956,IT,1.0,2024
1RV21EE004,Nilson Loblie,nloblied8@cnn.com,632-957-5819,Operations,6.8,2023
1RV21CS088,Conny Jeyness,cjeynessd9@irs.gov,809-134-8506,Marketing,2.7,2021
1RV21CS348,Elli Bishop,ebishopda@nymag.com,373-225-0692,Finance,4.0,2021
1RV21IS192,Pandora Westbury,pwestburydb@istockphoto.com,432-501-2330,Operations,6.7,2030
1RV21CS399,Anallise Jozwiak,ajozwiakdc@indiegogo.com,227-513-9464,Sales,2.5,2025
1RV21ME158,Bibby Richfield,brichfielddd@kickstarter.com,474-702-5447,Public Relations,5.9,2023
1RV21IS174,Fey Tremontana,ftremontanade@wikia.com,550-800-5420,Operations,4.6,2024
1RV21AI867,Ede Hardin,ehardindf@theguardian.com,743-329-0889,Sales,7.8,2023
1RV21CV216,Annabela Collocott,acollocottdg@census.gov,654-811-5022,Marketing,6.1,2020
1RV21ME642,Weber Stedson,wstedsondh@blogs.com,694-269-0259,Research and Development,7.1,2023
1RV21EC912,Reine Griffitt,rgriffittdi@si.edu,609-753-0300,Marketing,7.2,2023
1RV21AI997,Janice O'Kielt,jokieltdj@reverbnation.com,543-798-5592,Customer Service,4.4,2024
1RV21IS239,Parry Mayte,pmaytedk@hhs.gov,209-540-8543,Operations,1.3,2023
1RV21EE411,Angelle Matt,amattdl@netscape.com,492-158-2010,Research and Development,5.8,2020
1RV21ME347,Marcelia Morefield,mmorefielddm@rediff.com,831-989-2169,Human Resources,5.3,2025
1RV21CS279,Cherise Guinan,cguinandn@bloglines.com,189-140-5311,IT,7.8,2025
1RV21IS202,Ellwood McConway,emcconwaydo@hao123.com,440-660-4578,Human Resources,7.4,2027
1RV21EC245,Lisette Gurnell,lgurnelldp@shareasale.com,981-134-2004,IT,5.8,2024
1RV21IS739,Antony Haswell,ahaswelldq@opera.com,105-685-9914,Marketing,8.7,2023
1RV21AI201,Alia Blampy,ablampydr@china.com.cn,631-497-1353,Legal,5.5,2028
1RV21ME690,Papageno Jancik,pjancikds@zdnet.com,292-394-3661,Marketing,4.9,2024
1RV21CV024,Lamar Alker,lalkerdt@europa.eu,421-866-1408,Human Resources,9.2,2028
1RV21CS293,Eolande McKaile,emckailedu@patch.com,745-489-8380,Finance,1.9,2021
1RV21IS473,Amalita Babonau,ababonaudv@mashable.com,416-501-5888,Public Relations,6.8,2021
1RV21IS730,Evanne Sigmund,esigmunddw@narod.ru,452-617-8669,Legal,3.1,2024
1RV21CV073,Tilly Fealy,tfealydx@opera.com,958-555-6257,Finance,7.6,2026
1RV21CS447,Barri Guyer,bguyerdy@umich.edu,951-275-2494,Human Resources,4.3,2020
1RV21AI212,Kerk Slograve,kslogravedz@surveymonkey.com,436-939-1120,Legal,3.6,2028
1RV21EC986,Gusti Fance,gfancee0@i2i.jp,754-366-9240,Public Relations,3.9,2021
1RV21EC956,Sharon Corneck,scornecke1@zimbio.com,165-924-1287,Marketing,6.7,2027
1RV21EC032,Andrej Bowe,abowee2@omniture.com,493-536-8426,Research and Development,0.4,2020
1RV21AI623,Culley Geydon,cgeydone3@spiegel.de,635-118-4166,IT,2.7,2027
1RV21AI676,Fin Grishunin,fgrishunine4@webs.com,557-241-9228,Customer Service,8.9,2029
1RV21EC891,Romain Matuschek,rmatuscheke5@comcast.net,376-337-8330,Legal,3.4,2029
1RV21IS755,Amalia Papis,apapise6@rambler.ru,227-227-4901,Human Resources,2.8,2028
1RV21IS962,Morgan Axcell,maxcelle7@jigsy.com,817-433-5783,Operations,8.5,2029
1RV21AI704,Allegra Remirez,aremireze8@elpais.com,829-839-9635,Public Relations,7.0,2020
1RV21EE033,Lorin McCrorie,lmccroriee9@home.pl,944-484-9065,Human Resources,8.3,2029
1RV21CS049,Sheree Northover,snorthoverea@tinyurl.com,341-430-0439,Human Resources,2.2,2027
1RV21EC450,Jimmy Pocklington,jpocklingtoneb@icq.com,178-289-2372,Legal,7.6,2028
1RV21EE519,Clio McAmish,cmcamishec@state.gov,307-355-1917,Finance,8.2,2029
1RV21CV910,Lek Cheeld,lcheelded@msn.com,539-533-8364,Human Resources,7.9,2026
1RV21CV799,Imojean McMahon,imcmahonee@netlog.com,500-721-5269,Legal,4.4,2021
1RV21EC926,Nicolas Schmuhl,nschmuhlef@yellowbook.com,835-277-9930,Research and Development,8.3,2027
1RV21CS649,Sherie Barday,sbardayeg@163.com,287-977-4987,Sales,1.3,2024
1RV21EE704,Kristofer Stedell,kstedelleh@diigo.com,863-982-5519,Legal,8.1,2029
1RV21ME986,Jessamine Yeldon,jyeldonei@adobe.com,570-841-0830,Marketing,1.7,2026
1RV21EE225,Burk Nyles,bnylesej@netvibes.com,881-824-1129,Marketing,8.7,2020
1RV21EE094,Jaime Tankin,jtankinek@rakuten.co.jp,487-708-6107,Public Relations,4.3,2030
1RV21IS517,Bartholomeo Goggins,bgogginsel@feedburner.com,704-795-9558,Research and Development,9.5,2023
1RV21ME203,Charmion Barraclough,cbarracloughem@harvard.edu,541-457-5376,Human Resources,2.4,2028
1RV21EC079,Gunther Grace,ggraceen@cbc.ca,821-485-7767,Marketing,5.7,2023
1RV21EE379,Kameko Trulock,ktrulockeo@blogtalkradio.com,995-149-4630,Research and Development,8.7,2027
1RV21EC670,Dulcia Greenman,dgreenmanep@bloglovin.com,280-996-1979,Operations,6.5,2021
1RV21CV744,Lombard Morison,lmorisoneq@cloudflare.com,884-783-8595,Human Resources,8.4,2022
1RV21ME330,Kailey Hedgecock,khedgecocker@imageshack.us,154-876-4865,Marketing,2.9,2029
1RV21EC295,Alexandr Emney,aemneyes@about.com,958-732-6448,Operations,6.1,2025
1RV21IS059,Con Rattrie,crattrieet@reverbnation.com,674-462-3052,Finance,3.4,2030
1RV21EE230,Jeremy Piel,jpieleu@shop-pro.jp,293-462-8733,Human Resources,5.8,2029
1RV21ME019,Halimeda Duthie,hduthieev@posterous.com,222-190-1729,Finance,3.3,2021
1RV21EE733,Ingemar Brierton,ibriertonew@github.io,388-273-5043,Research and Development,5.0,2022
1RV21EE527,Lark Mathelon,lmathelonex@hud.gov,412-811-8380,Human Resources,5.1,2030
1RV21CS582,Marillin Lawrenceson,mlawrencesoney@wordpress.org,597-104-8215,Legal,3.2,2026
1RV21CS671,Rod McQuaid,rmcquaidez@woothemes.com,561-129-1344,Marketing,8.2,2023
1RV21ME230,Debbi Rheam,drheamf0@uol.com.br,960-161-9984,Human Resources,1.2,2029
1RV21EE801,Amerigo Kirke,akirkef1@mapquest.com,713-335-5806,IT,7.9,2030
1RV21AI822,Kaspar Ponten,kpontenf2@va.gov,754-731-3783,Public Relations,6.8,2028
1RV21ME209,Winslow Gowthrop,wgowthropf3@oakley.com,155-980-8429,Sales,4.3,2030
1RV21IS611,Carlen Pagin,cpaginf4@latimes.com,761-782-4673,Research and Development,8.1,2029
1RV21AI926,Mitchell Worsom,mworsomf5@vistaprint.com,727-659-3091,Sales,8.8,2025
1RV21IS867,Jaime Filppetti,jfilppettif6@indiatimes.com,136-614-8516,Public Relations,2.6,2026
1RV21EC105,Niccolo Cawley,ncawleyf7@who.int,654-699-8742,Finance,8.0,2029
1RV21AI774,Curr Leathem,cleathemf8@drupal.org,731-283-7660,Human Resources,5.9,2028
1RV21ME451,Sheppard Gambrell,sgambrellf9@disqus.com,556-161-3481,Sales,0.5,2029
1RV21EC142,Elias Downs,edownsfa@howstuffworks.com,717-178-0866,Legal,0.9,2027
1RV21EE669,Vin Vertigan,vvertiganfb@mlb.com,354-691-2204,Sales,5.3,2028
1RV21CV180,Deerdre Summerlie,dsummerliefc@youtu.be,405-150-0153,Customer Service,8.4,2020
1RV21IS693,Gloria Alman,galmanfd@privacy.gov.au,839-965-7543,Marketing,1.0,2026
1RV21IS279,Ginger O'Donoghue,godonoghuefe@sina.com.cn,327-600-2776,IT,3.6,2026
1RV21AI928,Sara Itzcak,sitzcakff@cornell.edu,775-225-6862,Research and Development,1.0,2026
1RV21IS105,Sandra Sein,sseinfg@howstuffworks.com,671-902-6643,Research and Development,6.2,2021
1RV21IS447,Viv O'Carrol,vocarrolfh@senate.gov,179-649-6057,Legal,5.9,2030
1RV21IS106,Flss Faulconer,ffaulconerfi@paypal.com,731-232-0113,Human Resources,9.9,2020
1RV21CV260,Findley Balffye,fbalffyefj@liveinternet.ru,700-108-6048,Customer Service,2.7,2020
1RV21IS684,Sarah Giacaponi,sgiacaponifk@princeton.edu,779-538-7702,Research and Development,4.9,2027
1RV21EC569,Karol Richardsson,krichardssonfl@cyberchimps.com,929-817-9381,IT,10.0,2027
1RV21ME730,Lyndel Quinnet,lquinnetfm@hugedomains.com,625-969-8733,Legal,6.0,2028
1RV21CS741,Salem Wyles,swylesfn@goo.gl,948-109-0205,Sales,4.2,2027
1RV21EC715,Hewett Cheake,hcheakefo@infoseek.co.jp,449-869-8663,Operations,3.7,2027
1RV21EE590,Thea Lansbury,tlansburyfp@is.gd,578-959-1925,IT,3.0,2021
1RV21EE010,Ara Hannigan,ahanniganfq@cocolog-nifty.com,303-500-7762,IT,6.8,2026
1RV21CS117,Celinka Shayler,cshaylerfr@hubpages.com,957-367-3389,Sales,2.2,2022
1RV21ME136,Drusilla Salkeld,dsalkeldfs@netscape.com,443-201-8100,Operations,0.9,2020
1RV21AI020,Kellie Lewsie,klewsieft@epa.gov,731-203-7906,Public Relations,0.9,2029
1RV21AI249,Karrie Whitwell,kwhitwellfu@prlog.org,235-404-0146,Customer Service,0.5,2023
1RV21EC332,Melony Salerno,msalernofv@nasa.gov,450-937-5015,Marketing,3.0,2025
1RV21ME634,Lilllie Berthe,lberthefw@economist.com,552-222-2183,Marketing,9.6,2020
1RV21CS404,Boigie Frazer,bfrazerfx@flavors.me,257-618-5471,Research and Development,8.7,2024
1RV21ME294,Matty Baterip,mbateripfy@skype.com,830-540-4103,Public Relations,1.2,2020
1RV21IS866,Atlanta Gammie,agammiefz@mlb.com,650-224-8816,Marketing,6.4,2020
1RV21IS432,Maxy Pattle,mpattleg0@sciencedirect.com,803-528-0830,Sales,5.9,2025
1RV21IS105,Robinett Gyer,rgyerg1@seattletimes.com,244-974-7258,Public Relations,1.4,2026
1RV21EC186,Alisha Batterson,abattersong2@whitehouse.gov,417-502-7725,Human Resources,3.7,2030
1RV21IS349,Cynthie McTurley,cmcturleyg3@slate.com,373-247-7901,Customer Service,0.8,2023
1RV21ME599,Mathilda Vear,mvearg4@nih.gov,871-543-2664,Legal,8.5,2030
1RV21CS590,Clevey Lindstrom,clindstromg5@unesco.org,412-397-8598,Operations,3.3,2028
1RV21ME835,Ali Pillington,apillingtong6@washingtonpost.com,215-448-0053,Finance,2.1,2030
1RV21ME284,Ephrayim Childs,echildsg7@hud.gov,945-893-5377,Finance,1.7,2024
1RV21EC033,Amelia Puckey,apuckeyg8@shinystat.com,795-370-4185,Operations,1.0,2030
1RV21EC211,Guillaume De Maine,gdeg9@youtube.com,786-621-8254,Customer Service,3.9,2024
1RV21CS524,Willi Willshee,wwillsheega@google.com.hk,824-684-1911,Public Relations,7.9,2027
1RV21AI110,Thorndike Extall,textallgb@tumblr.com,668-151-3121,Customer Service,0.1,2023
1RV21AI634,Kaitlyn Labes,klabesgc@statcounter.com,214-275-1724,Legal,5.3,2025
1RV21CS049,Ashil Steel,asteelgd@xrea.com,341-117-3948,Sales,1.8,2024
1RV21EE262,Cassandra Liversidge,cliversidgege@livejournal.com,864-587-2769,Customer Service,2.3,2020
1RV21CS356,Turner Peto,tpetogf@psu.edu,935-154-7451,Legal,6.3,2027
1RV21AI460,Murvyn Graysmark,mgraysmarkgg@nasa.gov,523-348-6781,Human Resources,5.1,2020
1RV21ME061,Meridel Scotcher,mscotchergh@scientificamerican.com,964-239-5543,Operations,1.3,2021
1RV21AI325,Sandie Kyle,skylegi@google.fr,971-804-7559,Operations,3.6,2023
1RV21EC705,Jamey Hindenberger,jhindenbergergj@purevolume.com,256-420-6421,Operations,5.7,2026
1RV21EC155,Caroline Vogeler,cvogelergk@github.com,612-305-3960,Marketing,6.2,2024
1RV21AI229,Alexandre Gatiss,agatissgl@free.fr,603-147-0216,Human Resources,4.6,2021
1RV21EC073,Hillel Rowlatt,hrowlattgm@hugedomains.com,666-317-2948,IT,8.7,2025
1RV21CS311,Gordon Mitchener,gmitchenergn@github.io,486-674-9306,Public Relations,4.4,2026
1RV21ME554,Cesaro Noddle,cnoddlego@purevolume.com,163-711-2158,Public Relations,9.9,2025
1RV21CV520,Carmen Coney,cconeygp@webs.com,278-592-2610,Human Resources,6.9,2020
1RV21IS912,Anneliese Coode,acoodegq@about.com,657-837-5757,Research and Development,2.7,2023
1RV21AI419,Stevana Hussy,shussygr@eepurl.com,101-355-8093,Sales,9.2,2029
1RV21ME840,Lynne Bullus,lbullusgs@sogou.com,766-737-9397,Human Resources,4.1,2025
1RV21AI287,Maxie Wellard,mwellardgt@jiathis.com,503-200-1164,Operations,2.9,2027
1RV21ME497,Evelina Shorbrook,eshorbrookgu@blogtalkradio.com,426-139-8958,Research and Development,2.3,2021
1RV21CS758,Redford Merlin,rmerlingv@reverbnation.com,388-142-2416,Finance,9.5,2029
1RV21ME201,Vern Philbin,vphilbingw@xinhuanet.com,679-122-4714,Public Relations,6.7,2020
1RV21IS970,Kristoforo Terbeck,kterbeckgx@baidu.com,873-660-2800,IT,9.8,2020
1RV21CS187,Susanne Doppler,sdopplergy@forbes.com,468-613-0509,Marketing,1.1,2022
1RV21IS741,Lori Briscoe,lbriscoegz@cbslocal.com,942-251-2937,Sales,5.8,2025
1RV21ME220,Pepe Wohler,pwohlerh0@redcross.org,287-220-4754,Research and Development,1.6,2023
1RV21AI022,Odelinda Skellen,oskellenh1@cmu.edu,481-690-6919,Customer Service,9.7,2024
1RV21CS053,Fannie O'Hara,foharah2@angelfire.com,690-934-7425,Finance,3.5,2025
1RV21AI675,Aldous Whyman,awhymanh3@sfgate.com,986-267-7318,Public Relations,1.2,2029
1RV21ME301,Colby Bugge,cbuggeh4@dailymail.co.uk,748-353-5181,Finance,4.9,2029
1RV21CS880,Noam Rowth,nrowthh5@dmoz.org,687-785-5297,IT,5.4,2020
1RV21CV553,Cammie Collelton,ccolleltonh6@ameblo.jp,430-784-0268,Sales,9.2,2020
1RV21EE758,Lissa Knoles,lknolesh7@tumblr.com,305-330-4803,IT,6.5,2029
1RV21EE382,Siobhan McGraffin,smcgraffinh8@digg.com,220-120-0971,IT,6.8,2023
1RV21AI230,Robers Heinle,rheinleh9@tuttocitta.it,120-221-3997,Sales,7.6,2027
1RV21EC763,Florella Pendrey,fpendreyha@etsy.com,419-268-0028,Sales,0.9,2028
1RV21AI441,Judon Doreward,jdorewardhb@example.com,900-448-5155,IT,0.9,2027
1RV21CV413,Ana Rubinsky,arubinskyhc@miibeian.gov.cn,594-231-5522,Research and Development,8.3,2023
1RV21CS809,Elia Rizzone,erizzonehd@angelfire.com,951-420-9137,IT,7.9,2029
1RV21AI869,Joye Reboul,jreboulhe@tuttocitta.it,200-209-7933,Human Resources,9.4,2027
1RV21AI805,Ernie Booy,ebooyhf@harvard.edu,971-226-5244,IT,7.0,2028
1RV21EE716,Trey Aleveque,talevequehg@de.vu,573-710-1162,Customer Service,4.8,2027
1RV21EE137,Aubry Webber,awebberhh@berkeley.edu,929-436-0966,Finance,7.8,2021
1RV21EE102,Ignazio Bottrill,ibottrillhi@guardian.co.uk,845-181-5272,Legal,2.0,2029
1RV21IS141,Neala Laffin,nlaffinhj@discuz.net,906-161-3941,Human Resources,9.6,2022
1RV21EE521,Cecilius Sweeny,csweenyhk@blogspot.com,436-127-2944,Sales,8.2,2029
1RV21CV092,Tedra Beet,tbeethl@mit.edu,720-629-3551,Legal,6.1,2030
1RV21EE588,Hillie Lowdwell,hlowdwellhm@netscape.com,598-337-8278,IT,2.6,2028
1RV21EC543,Kyle Gudgeon,kgudgeonhn@pen.io,566-114-5480,Sales,3.0,2025
1RV21IS067,Essie Dockrey,edockreyho@hhs.gov,592-206-0605,Customer Service,4.9,2022
1RV21EE934,Em Ernke,eernkehp@skype.com,733-569-8238,Customer Service,2.2,2027
1RV21EE202,Nariko Colloff,ncolloffhq@wikimedia.org,889-526-8168,Public Relations,6.8,2027
1RV21EE165,Anabella Scanlan,ascanlanhr@goo.ne.jp,349-180-6305,Research and Development,3.7,2022
1RV21CS277,Peder Emburey,pembureyhs@cbslocal.com,309-997-1129,Customer Service,7.9,2020
1RV21ME536,Onfroi Stilgo,ostilgoht@about.com,680-364-1191,Public Relations,5.8,2026
1RV21IS963,Fidela Bernardon,fbernardonhu@marriott.com,246-940-2321,Research and Development,5.8,2026
1RV21ME915,Archibaldo Saward,asawardhv@skype.com,782-413-5903,IT,6.2,2028
1RV21CS805,Corabelle Swallwell,cswallwellhw@hhs.gov,954-556-7416,Legal,8.0,2028
1RV21CS494,Jessamyn Lackner,jlacknerhx@joomla.org,934-479-2653,Customer Service,2.8,2020
1RV21IS286,Phebe Matuszak,pmatuszakhy@nifty.com,618-510-7901,Sales,4.8,2027
1RV21EC641,Mella D'Almeida,mdalmeidahz@zimbio.com,160-436-5896,Sales,3.9,2025
1RV21ME962,Oralle Dubbin,odubbini0@digg.com,998-627-9003,Marketing,4.4,2022
1RV21CV250,Rollie O'Donohue,rodonohuei1@xrea.com,320-889-6368,Public Relations,8.1,2029
1RV21EC397,Madelle Dehn,mdehni2@miibeian.gov.cn,485-362-4441,Legal,8.5,2022
1RV21CS382,Lucienne Bolletti,lbollettii3@reference.com,827-227-5453,IT,2.3,2025
1RV21ME382,Brennan Benadette,bbenadettei4@artisteer.com,678-848-0055,Sales,8.3,2023
1RV21CS647,Christos Klulisek,ckluliseki5@yelp.com,234-981-0338,Operations,2.5,2024
1RV21CS530,Caresa Justice,cjusticei6@ucoz.ru,864-870-6888,Legal,4.4,2029
1RV21EE101,Jeannette Bodocs,jbodocsi7@xing.com,906-852-5646,Research and Development,8.2,2021
1RV21IS137,Selene Craythorn,scraythorni8@liveinternet.ru,310-698-8551,Operations,5.3,2020
1RV21EC930,Salomon Imlach,simlachi9@sphinn.com,860-323-4385,IT,8.9,2029
1RV21AI355,Maddi Mowett,mmowettia@wp.com,558-476-0308,Sales,9.9,2024
1RV21EC361,Shanta Whitwell,swhitwellib@bbc.co.uk,177-989-8038,Public Relations,5.6,2028
1RV21CS720,Jo Liles,jlilesic@skyrock.com,294-633-7812,Operations,2.8,2026
1RV21ME172,Eldredge Boles,ebolesid@topsy.com,953-852-6011,Research and Development,9.8,2022
1RV21CS884,Lauren Favelle,lfavelleie@meetup.com,637-166-9092,Research and Development,1.5,2020
1RV21AI083,Alysia Pursey,apurseyif@tinypic.com,619-827-2440,Marketing,0.4,2025
1RV21CV692,Elita Mattingson,emattingsonig@hp.com,599-414-2065,Sales,2.2,2021
1RV21CS950,Violet Cicconetti,vcicconettiih@gnu.org,221-386-0728,Marketing,3.6,2029
1RV21IS892,Layton Waller-Bridge,lwallerbridgeii@xinhuanet.com,754-133-6739,Human Resources,0.2,2025
1RV21IS972,Rusty Blyth,rblythij@printfriendly.com,665-691-2410,Operations,5.6,2020
1RV21EE554,Shayne Cammack,scammackik@reverbnation.com,999-615-8442,IT,0.9,2024
1RV21EC357,Colette Abbotts,cabbottsil@wufoo.com,198-475-2560,Marketing,5.0,2027
1RV21IS857,Bevin Code,bcodeim@acquirethisname.com,150-179-7519,Public Relations,1.7,2026
1RV21ME632,Garner Antoniak,gantoniakin@biblegateway.com,441-511-4000,Operations,0.3,2028
1RV21ME577,Evangelia Okey,eokeyio@sfgate.com,563-894-3233,Sales,7.4,2028
1RV21EC742,Deck Ligerton,dligertonip@digg.com,688-832-3722,Research and Development,2.4,2024
1RV21AI585,Veriee Rutley,vrutleyiq@imageshack.us,466-137-2839,Human Resources,1.7,2024
1RV21EE000,Zerk Antonomolii,zantonomoliiir@ycombinator.com,543-967-3656,Public Relations,3.9,2025
1RV21CV783,Bar O'Mullaney,bomullaneyis@g.co,199-373-4979,Marketing,5.8,2023
1RV21AI636,Lucais Stuchburie,lstuchburieit@ucoz.com,130-640-0144,Operations,1.9,2026
1RV21ME951,Noak Moncur,nmoncuriu@odnoklassniki.ru,958-877-1407,Operations,1.9,2021
1RV21ME548,Sabina Smiley,ssmileyiv@nhs.uk,728-334-8091,Finance,3.7,2022
1RV21EC021,Rubie Perrygo,rperrygoiw@paypal.com,322-910-9843,Public Relations,2.9,2023
1RV21ME917,Patricio Bindon,pbindonix@si.edu,875-448-8442,Research and Development,3.5,2021
1RV21IS083,Lucilia Durston,ldurstoniy@umn.edu,570-271-5653,Research and Development,1.8,2030
1RV21EC418,Almeria Cayle,acayleiz@washington.edu,868-457-8858,Human Resources,9.9,2022
1RV21ME498,Chev Roxbee,croxbeej0@photobucket.com,745-604-2508,Marketing,0.8,2025
1RV21EC222,Julia Blanko,jblankoj1@uiuc.edu,893-150-3675,Operations,7.8,2028
1RV21IS792,Timoteo Guilloud,tguilloudj2@imgur.com,503-425-9062,Operations,5.4,2029
1RV21ME573,Viviana Galer,vgalerj3@miitbeian.gov.cn,578-265-5007,Public Relations,1.8,2028
1RV21ME530,Edik Netti,enettij4@51.la,990-481-2069,Sales,8.9,2029
1RV21CV467,Conrad Ellsom,cellsomj5@baidu.com,774-401-7386,IT,1.8,2025
1RV21CS005,Doloritas Jean,djeanj6@bbc.co.uk,831-665-1376,Public Relations,0.5,2021
1RV21EE788,Averil Lanigan,alaniganj7@intel.com,703-244-7876,IT,3.8,2029
1RV21EC058,Hedvig McKoy,hmckoyj8@omniture.com,738-816-9637,Human Resources,7.5,2022
1RV21IS414,Brnaby Padwick,bpadwickj9@pcworld.com,266-521-8372,Human Resources,0.1,2020
1RV21EC629,Mychal Culross,mculrossja@drupal.org,498-617-1323,Finance,6.5,2023
1RV21EC777,Rowan Hirth,rhirthjb@google.fr,230-393-7597,Marketing,6.9,2028
1RV21AI743,Trip Wilber,twilberjc@last.fm,259-738-2234,Public Relations,3.8,2021
1RV21IS170,Decca Anderson,dandersonjd@java.com,443-467-0317,Human Resources,2.9,2026
1RV21ME484,Bartholomeo de Mendoza,bdeje@github.com,831-929-9363,IT,6.2,2023
1RV21EC491,Neil Milner,nmilnerjf@simplemachines.org,701-738-0647,Research and Development,9.7,2024
1RV21CV109,Raddie Whye,rwhyejg@usda.gov,577-846-1837,Sales,8.0,2027
1RV21CS362,Emmerich Chadbourn,echadbournjh@msn.com,297-827-0885,Operations,0.6,2021
1RV21EE421,Sallyann Stayt,sstaytji@ask.com,605-483-6336,Operations,6.8,2021
1RV21AI908,Adam Suggate,asuggatejj@usnews.com,636-297-5025,Research and Development,8.1,2020
1RV21CV034,Odille Honywill,ohonywilljk@constantcontact.com,791-231-8832,Marketing,8.5,2020
1RV21ME076,Debbi Beane,dbeanejl@telegraph.co.uk,436-565-7382,Finance,7.8,2023
1RV21AI004,Markos Penddreth,mpenddrethjm@blogger.com,457-471-8242,Finance,2.3,2022
1RV21CV836,Shell Roskruge,sroskrugejn@cnn.com,702-313-3618,Human Resources,2.1,2025
1RV21EE122,Cece Bright,cbrightjo@prweb.com,719-377-7315,Marketing,4.0,2030
1RV21CV297,Kellia Menauteau,kmenauteaujp@baidu.com,261-470-6454,IT,2.2,2027
1RV21CS482,Sioux Beavington,sbeavingtonjq@bigcartel.com,646-211-3189,IT,8.4,2029
1RV21AI452,Cleopatra Stobart,cstobartjr@spotify.com,801-697-7091,IT,7.5,2027
1RV21CS137,Clementine Antonsen,cantonsenjs@dropbox.com,479-364-3514,Marketing,6.0,2027
1RV21CS929,Sibel Rosedale,srosedalejt@nih.gov,480-399-5014,Marketing,9.6,2029
1RV21CV497,Hubey MacCourt,hmaccourtju@ycombinator.com,230-364-1987,Customer Service,8.5,2023
1RV21EC102,Hephzibah Priddle,hpriddlejv@mysql.com,723-458-7934,IT,0.3,2020
1RV21CV605,Gail Domenichelli,gdomenichellijw@msu.edu,748-753-4021,Legal,6.6,2024
1RV21IS364,Nate Forgan,nforganjx@e-recht24.de,558-736-4418,IT,5.9,2029
1RV21CS043,Clarice de Copeman,cdejy@mysql.com,604-800-5250,Marketing,6.5,2021
1RV21CS271,Priscella Bruhnke,pbruhnkejz@feedburner.com,393-766-2789,Marketing,8.5,2026
1RV21ME856,Cleavland Ginnell,cginnellk0@amazon.com,502-514-7394,Marketing,3.4,2024
1RV21IS904,Avery Hartridge,ahartridgek1@photobucket.com,934-601-2158,Finance,0.5,2021
1RV21CV225,Maddalena Delatour,mdelatourk2@ed.gov,139-155-9877,Legal,5.1,2021
1RV21CV155,Eugen Steers,esteersk3@tmall.com,505-526-6186,Research and Development,4.9,2027
1RV21CV070,Karoly Ashwell,kashwellk4@gnu.org,484-612-6760,Marketing,7.0,2020
1RV21IS770,Francene Whittick,fwhittickk5@indiatimes.com,620-996-0652,IT,3.2,2025
1RV21CS487,Stanislaw Calveley,scalveleyk6@merriam-webster.com,317-982-7910,Public Relations,0.2,2030
1RV21CS403,Karlyn Filer,kfilerk7@google.com.hk,130-431-9613,IT,8.3,2026
1RV21IS366,Netta Le Prevost,nlek8@jimdo.com,808-844-8169,Sales,6.0,2023
1RV21ME164,Kathryn Hentzeler,khentzelerk9@posterous.com,255-994-0665,Public Relations,4.7,2028
1RV21AI577,Tildi Saffill,tsaffillka@ucoz.com,217-890-5602,Operations,4.0,2030
1RV21IS528,Valma Gavey,vgaveykb@hhs.gov,626-593-4762,Research and Development,0.2,2030
1RV21ME760,Kaitlyn Zecchetti,kzecchettikc@joomla.org,912-336-5216,Customer Service,2.8,2023
1RV21ME602,Barde Dodd,bdoddkd@amazon.com,960-823-5326,Human Resources,9.0,2020
1RV21CS412,Cassandre Porker,cporkerke@discuz.net,995-378-0017,Marketing,0.5,2028
1RV21EE450,Dugald Bissatt,dbissattkf@forbes.com,290-760-0887,Marketing,2.5,2021
1RV21EC465,Shawnee Giovannazzi,sgiovannazzikg@ycombinator.com,412-180-4995,Research and Development,5.7,2026
1RV21EE268,Stefanie Matthias,smatthiaskh@howstuffworks.com,146-541-7832,Operations,10.0,2022
1RV21EC136,Demetra Ivanovic,divanovicki@constantcontact.com,302-208-1425,Legal,5.3,2025
1RV21ME001,Scott Peterkin,speterkinkj@edublogs.org,667-477-2967,Finance,7.1,2028
1RV21IS928,Hurleigh Charnick,hcharnickkk@histats.com,754-258-5983,Customer Service,4.3,2022
1RV21CS384,Maximo Conibeer,mconibeerkl@pcworld.com,401-763-3837,Marketing,0.7,2029
1RV21CV457,Collie Iglesiaz,ciglesiazkm@storify.com,462-971-9938,Public Relations,0.1,2022
1RV21ME341,Norry Mechan,nmechankn@altervista.org,569-495-4907,Legal,0.1,2026
1RV21IS200,Leelah Brumham,lbrumhamko@bloglines.com,312-274-5672,Human Resources,9.4,2030
1RV21AI254,Aida Dargue,adarguekp@ebay.co.uk,584-200-5926,Finance,2.7,2024
1RV21ME389,Earle Stent,estentkq@php.net,835-915-5792,Research and Development,1.7,2029
1RV21ME271,Brena Ferson,bfersonkr@csmonitor.com,620-929-5526,Research and Development,0.9,2023
1RV21EE988,Lindsay Portis,lportisks@hatena.ne.jp,408-715-9288,Public Relations,9.5,2025
1RV21EC841,Tabb Bastie,tbastiekt@51.la,787-758-8879,Operations,3.4,2030
1RV21AI536,Letti Yabsley,lyabsleyku@infoseek.co.jp,699-369-8347,Customer Service,7.8,2022
1RV21CV855,Vidovik Heild,vheildkv@discuz.net,324-334-7478,Research and Development,7.7,2030
1RV21IS904,Coralie Peverell,cpeverellkw@a8.net,413-591-8995,Operations,8.3,2020
1RV21AI020,Patin Bearne,pbearnekx@dedecms.com,460-623-8835,Marketing,5.9,2030
1RV21ME536,Abba O'Shee,aosheeky@gravatar.com,154-135-4390,IT,2.0,2024
1RV21AI840,Bourke Ludwikiewicz,bludwikiewiczkz@java.com,755-742-2871,Customer Service,4.1,2023
1RV21IS830,Glenden Cleyburn,gcleyburnl0@sfgate.com,121-126-1457,Research and Development,5.8,2022
1RV21AI203,Adriena Iannazzi,aiannazzil1@howstuffworks.com,258-872-3622,Research and Development,5.3,2024
1RV21CV481,Eve Friel,efriell2@google.com.au,924-670-1600,Research and Development,3.2,2021
1RV21CV167,Lory Maidment,lmaidmentl3@canalblog.com,466-230-1630,IT,6.8,2024
1RV21AI298,Laurice Aymer,laymerl4@unesco.org,220-254-2587,Finance,8.2,2025
1RV21EE961,Rachelle Dyball,rdyballl5@mediafire.com,320-707-9033,Customer Service,7.9,2029
1RV21ME268,Rosalia Girdler,rgirdlerl6@earthlink.net,769-257-6069,Operations,3.0,2026
1RV21IS341,Horatia Pimblott,hpimblottl7@ucoz.com,334-755-8174,Legal,2.8,2025
1RV21CV132,Harlene Hollibone,hhollibonel8@dion.ne.jp,907-993-5929,Customer Service,9.1,2027
1RV21CV296,Tito Huband,thubandl9@weibo.com,464-632-2455,Legal,6.6,2027
1RV21EE393,Giraud Moyer,gmoyerla@china.com.cn,711-592-0144,Public Relations,3.1,2027
1RV21AI306,Maddie Withinshaw,mwithinshawlb@telegraph.co.uk,844-712-9442,Finance,1.8,2027
1RV21EC787,Nicholas Struan,nstruanlc@shareasale.com,301-393-1561,Legal,7.3,2029
1RV21IS227,Shay Bedrosian,sbedrosianld@smh.com.au,977-288-3793,Legal,3.6,2027
1RV21IS669,Melly Boldecke,mboldeckele@opera.com,759-358-8045,Operations,0.4,2025
1RV21AI746,Vallie Wilks,vwilkslf@stanford.edu,873-486-8521,IT,1.6,2023
1RV21EE986,Errick Kenneford,ekennefordlg@bing.com,976-199-8370,IT,8.6,2023
1RV21EC344,Eddie Furnell,efurnelllh@google.com.br,289-677-1578,Marketing,7.2,2030
1RV21EE534,Buiron Boundey,bboundeyli@miibeian.gov.cn,339-483-1334,Research and Development,3.4,2030
1RV21AI835,Joann Caldicot,jcaldicotlj@fc2.com,495-894-4414,Operations,6.3,2029
1RV21AI020,Wain Tuckerman,wtuckermanlk@paypal.com,218-595-5479,Human Resources,2.2,2027
1RV21CV915,Abraham Luna,alunall@ameblo.jp,901-141-7630,Public Relations,2.6,2030
1RV21ME444,Adriena Argont,aargontlm@go.com,386-627-3948,Legal,0.2,2027
1RV21EE681,Doralia Whitwood,dwhitwoodln@liveinternet.ru,797-108-7976,Operations,7.2,2026
1RV21IS523,Alric Lovemore,alovemorelo@psu.edu,738-567-4833,Legal,2.2,2025
1RV21IS267,Timmie Breslane,tbreslanelp@hatena.ne.jp,779-527-5721,Finance,4.2,2024
1RV21ME633,Jorgan Exton,jextonlq@squarespace.com,559-868-4774,Operations,5.9,2029
1RV21ME083,Eugen Caseborne,ecasebornelr@usda.gov,948-616-1037,Customer Service,6.9,2023
1RV21CV848,Madeline Eldritt,meldrittls@quantcast.com,372-561-1542,Legal,6.9,2030
1RV21CV302,Donovan Costell,dcostelllt@statcounter.com,734-847-9850,IT,4.2,2030
1RV21CV250,Goddart Kilcullen,gkilcullenlu@nymag.com,635-836-8477,Human Resources,1.7,2025
1RV21IS127,Nan Synke,nsynkelv@nydailynews.com,455-755-6665,IT,9.8,2023
1RV21ME409,Sarah Copeland,scopelandlw@blinklist.com,484-126-5830,Legal,1.1,2024
1RV21IS995,Koressa MacGoun,kmacgounlx@wordpress.com,785-453-7356,Legal,5.7,2020
1RV21AI529,Davide Crosetto,dcrosettoly@theglobeandmail.com,809-738-3680,Operations,4.5,2028
1RV21EC754,Hermy Moine,hmoinelz@typepad.com,626-882-2902,IT,9.0,2020
1RV21EC585,Bibby Grane,bgranem0@about.com,890-868-9668,Sales,6.3,2027
1RV21ME854,Dedra Stede,dstedem1@moonfruit.com,508-524-5264,Marketing,1.1,2021
1RV21AI175,Sonya Panther,spantherm2@nifty.com,685-567-7379,Finance,1.5,2024
1RV21CS480,James Tatters,jtattersm3@jalbum.net,627-340-7424,Operations,4.9,2020
1RV21EE628,Jervis Sandey,jsandeym4@plala.or.jp,690-956-0671,Sales,5.4,2025
1RV21EE604,Barbi Goodbairn,bgoodbairnm5@yelp.com,768-273-7495,Operations,1.9,2028
1RV21AI503,Hyman Yakutin,hyakutinm6@sciencedirect.com,805-313-2574,Legal,2.0,2020
1RV21CV137,Berne Chapell,bchapellm7@rediff.com,845-871-4167,Public Relations,7.6,2029
1RV21CS752,Edith Kivelle,ekivellem8@tmall.com,564-524-1081,Legal,1.3,2029
1RV21AI134,Hew Rediers,hrediersm9@devhub.com,828-199-2191,IT,8.1,2021
1RV21EC811,Parnell Busswell,pbusswellma@weibo.com,608-565-0141,Legal,3.2,2026
1RV21EE687,Karissa Bushaway,kbushawaymb@nature.com,914-176-3655,Finance,9.4,2020
1RV21EE240,Dewie Scotchmer,dscotchmermc@nydailynews.com,525-990-4889,Research and Development,2.4,2030
1RV21IS165,Rosemarie Joanic,rjoanicmd@acquirethisname.com,409-141-8792,Customer Service,3.6,2023
1RV21AI745,Nadiya Sebert,nsebertme@webnode.com,961-418-4965,IT,7.1,2029
1RV21EC425,Myles Duligal,mduligalmf@businessweek.com,104-196-6270,Public Relations,0.6,2024
1RV21IS954,Chase Carrodus,ccarrodusmg@reddit.com,174-442-0913,Legal,9.3,2020
1RV21CV556,Edgardo Sondon,esondonmh@wufoo.com,466-374-5746,Operations,1.8,2021
1RV21EE238,Calypso Bruneau,cbruneaumi@cdbaby.com,865-161-5739,Operations,5.3,2026
1RV21CV703,Ernesto Barneveld,ebarneveldmj@seesaa.net,775-268-4049,Human Resources,0.5,2025
1RV21IS622,Stormie Bottjer,sbottjermk@netvibes.com,331-736-0202,Public Relations,5.0,2028
1RV21IS714,Alicea Castelli,acastelliml@telegraph.co.uk,760-916-5489,Human Resources,9.5,2024
1RV21EC650,North Rangall,nrangallmm@globo.com,199-911-4090,Human Resources,5.7,2022
1RV21AI704,Isacco Tabrett,itabrettmn@home.pl,425-185-9207,Sales,9.3,2024
1RV21EE899,Ferdinanda Dunseith,fdunseithmo@gizmodo.com,243-281-7016,IT,7.4,2024
1RV21CV737,Mitchael Rimer,mrimermp@github.com,920-857-1190,IT,0.2,2029
1RV21CV568,Ingunna Curtayne,icurtaynemq@google.pl,416-885-0757,Operations,2.3,2025
1RV21ME059,Winifred Baggett,wbaggettmr@irs.gov,169-298-4450,Finance,4.9,2026
1RV21CS388,Carey McKeand,cmckeandms@loc.gov,649-377-3140,Marketing,2.9,2021
1RV21IS720,Vale Sisson,vsissonmt@weebly.com,596-591-0861,Public Relations,4.8,2026
1RV21CS928,Dawn Grinaway,dgrinawaymu@ocn.ne.jp,871-137-8339,Marketing,0.2,2030
1RV21EE927,Mina Winter,mwintermv@washington.edu,477-404-6448,Marketing,2.7,2025
1RV21EC812,Brantley Brewis,bbrewismw@house.gov,836-194-7971,Customer Service,3.3,2027
1RV21CS837,Ewen Callam,ecallammx@jimdo.com,986-494-9432,IT,5.6,2021
1RV21IS056,Stefania Rantoull,srantoullmy@t-online.de,237-131-4787,Public Relations,0.5,2025
1RV21AI953,Kaylee Blankhorn,kblankhornmz@symantec.com,477-632-5876,Research and Development,4.3,2020
1RV21EC411,Bret Pashe,bpashen0@blogtalkradio.com,260-777-3927,Human Resources,0.9,2028
1RV21AI270,Cyb Bernardy,cbernardyn1@cbc.ca,862-979-9715,Operations,3.0,2020
1RV21CS742,Wini Bassingham,wbassinghamn2@barnesandnoble.com,830-588-7956,Sales,7.4,2030
1RV21IS713,Kerr Killelea,kkillelean3@nymag.com,762-116-0165,Research and Development,4.2,2024
1RV21ME271,Zacharias Dullaghan,zdullaghann4@earthlink.net,315-336-8703,Public Relations,8.3,2021
1RV21ME445,Corabelle Belone,cbelonen5@people.com.cn,522-713-8823,Finance,7.0,2025
1RV21EE632,Estrella Readett,ereadettn6@vistaprint.com,948-995-4110,IT,6.4,2027
1RV21CS045,Josh Birney,jbirneyn7@ucsd.edu,674-474-5240,Sales,0.8,2023
1RV21IS916,Marne Swate,mswaten8@unesco.org,102-968-7879,IT,5.6,2022
1RV21ME373,Alanah Kenealy,akenealyn9@google.com.hk,256-205-4543,Customer Service,5.6,2025
1RV21AI799,Benita Essberger,bessbergerna@admin.ch,186-379-2502,Finance,7.9,2024
1RV21EE956,Merrielle Wreakes,mwreakesnb@home.pl,966-300-1455,Research and Development,6.8,2025
1RV21EC873,Sidoney Killeen,skilleennc@princeton.edu,298-140-4287,IT,1.1,2022
1RV21AI788,Boote Sherr,bsherrnd@netscape.com,237-413-8702,Customer Service,1.6,2025
1RV21AI999,Ethyl Matussow,ematussowne@house.gov,409-921-2456,Public Relations,4.6,2029
1RV21EC227,Rhianon Edgett,redgettnf@skype.com,245-119-2620,Human Resources,4.7,2030
1RV21CV456,Marianne Sket,msketng@odnoklassniki.ru,693-802-3821,Research and Development,4.7,2028
1RV21EE710,Devondra Swendell,dswendellnh@paypal.com,452-949-0068,IT,5.6,2021
1RV21IS541,Ninette Goalley,ngoalleyni@nsw.gov.au,596-180-8279,Sales,0.1,2026
1RV21IS930,Willard Durie,wdurienj@sbwire.com,320-275-8155,Human Resources,4.9,2028
1RV21ME206,Consalve Kampshell,ckampshellnk@unicef.org,755-195-5999,Customer Service,5.2,2029
1RV21CV737,Gerardo Wimmers,gwimmersnl@odnoklassniki.ru,768-921-8979,Operations,6.8,2030
1RV21EE340,Carmelita Di Francecshi,cdinm@netlog.com,577-391-3586,Finance,1.9,2020
1RV21CS837,Ara Gayter,agayternn@home.pl,776-979-8143,Operations,7.9,2029
1RV21ME401,Sybille Halling,shallingno@storify.com,133-223-3576,Public Relations,1.6,2028
1RV21EE960,Isidor Murford,imurfordnp@latimes.com,325-386-0975,Customer Service,9.0,2022
1RV21IS896,Reeva Dicks,rdicksnq@artisteer.com,149-315-2830,Operations,0.1,2024
1RV21EE585,Kimberly Fulkes,kfulkesnr@jalbum.net,921-330-2488,Marketing,3.3,2020
1RV21AI570,Chrisse Marcussen,cmarcussenns@mashable.com,430-699-2820,Finance,0.2,2028
1RV21IS813,Travus Castellone,tcastellonent@state.gov,634-193-7235,Sales,7.9,2030
1RV21CS048,Helaina Arendt,harendtnu@chron.com,305-696-7513,Sales,2.8,2027
1RV21CS910,Elmer Vell,evellnv@google.ru,483-488-0781,IT,5.5,2028
1RV21EC377,Obie Matzke,omatzkenw@geocities.com,709-671-6802,Research and Development,1.6,2022
1RV21IS206,Kirbee Aimable,kaimablenx@icq.com,816-435-1151,IT,4.7,2026
1RV21EC552,Pen Saberton,psabertonny@skyrock.com,455-171-3778,Sales,0.9,2024
1RV21CS786,Octavia Bothams,obothamsnz@zdnet.com,946-180-5300,Sales,5.9,2022
1RV21EE323,Yuma De Filippis,ydeo0@is.gd,464-928-3473,IT,4.6,2026
1RV21AI270,Goldia Halburton,ghalburtono1@apple.com,491-180-4956,Research and Development,6.2,2030
1RV21CV081,Wilie Crocroft,wcrocrofto2@addthis.com,528-910-5217,Sales,4.4,2024
1RV21EC859,Bent Muddimer,bmuddimero3@webs.com,553-229-5514,Customer Service,4.1,2020
1RV21ME585,Lucie Hamm,lhammo4@opensource.org,132-684-6875,Marketing,1.3,2024
1RV21EE598,Ranique Heads,rheadso5@networksolutions.com,836-672-2242,Finance,4.0,2024
1RV21AI888,Edmund Huckstepp,ehucksteppo6@stumbleupon.com,136-132-8428,IT,6.5,2028
1RV21EE480,Ewan Hanssmann,ehanssmanno7@wisc.edu,778-228-4819,Sales,2.1,2025
1RV21AI673,Bartie Marns,bmarnso8@bigcartel.com,757-645-2037,Human Resources,6.6,2023
1RV21ME904,Carlee Cosham,ccoshamo9@mysql.com,409-829-8357,Operations,0.2,2021
1RV21CS240,Ned Fransinelli,nfransinellioa@weather.com,923-673-0079,Customer Service,3.2,2024
1RV21ME488,Vivyan Johncey,vjohnceyob@illinois.edu,144-729-6610,Sales,2.3,2027
1RV21AI949,Mariam Francisco,mfranciscooc@edublogs.org,612-612-8956,Sales,7.4,2021
1RV21AI874,Johannah Jozefowicz,jjozefowiczod@drupal.org,988-100-4175,Public Relations,3.4,2024
1RV21EE049,Jereme Armand,jarmandoe@networkadvertising.org,458-622-2938,IT,8.6,2030
1RV21CV985,La verne Lambdean,lverneof@pbs.org,519-233-4037,Finance,3.8,2029
1RV21IS025,Wendy Henighan,whenighanog@spiegel.de,153-248-7443,Public Relations,8.1,2030
1RV21ME864,Bertine Cuddy,bcuddyoh@timesonline.co.uk,564-269-7372,Finance,6.4,2020
1RV21CS575,Ric Clubley,rclubleyoi@netvibes.com,943-313-3635,Human Resources,1.8,2027
1RV21ME058,Rosana Reimers,rreimersoj@vkontakte.ru,370-831-6927,Public Relations,3.4,2023
1RV21EC516,Lionello Windybank,lwindybankok@mtv.com,202-239-8811,Finance,4.7,2020
1RV21EC726,Ethelind Nornasell,enornasellol@mozilla.org,619-550-8671,Sales,9.2,2030
1RV21EC452,Dominik Clapton,dclaptonom@last.fm,590-577-1836,Operations,9.4,2025
1RV21AI438,Frederic Heibel,fheibelon@diigo.com,408-549-3302,IT,5.3,2026
1RV21CV565,Frankie Allberry,fallberryoo@mapquest.com,289-601-2865,Operations,5.6,2025
1RV21EC349,Maurita Charity,mcharityop@europa.eu,409-255-4726,Customer Service,1.1,2021
1RV21CV967,Chickie Charrisson,ccharrissonoq@toplist.cz,830-231-6181,IT,0.1,2026
1RV21ME994,Roderick Serfati,rserfatior@soundcloud.com,798-571-0502,Research and Development,2.1,2028
1RV21EE607,Allin Chaldecott,achaldecottos@go.com,418-300-9405,Sales,8.6,2020
1RV21IS244,Spense Knightley,sknightleyot@altervista.org,770-880-5801,Sales,4.8,2029
1RV21AI196,Hillyer Waistall,hwaistallou@digg.com,709-554-4143,Finance,4.2,2025
1RV21CV376,Rozamond Mullinder,rmullinderov@flavors.me,551-992-2252,Legal,9.7,2027
1RV21ME503,Dickie Gittings,dgittingsow@un.org,579-735-0005,Human Resources,6.2,2026
1RV21EE761,Paul De la Feld,pdeox@nydailynews.com,762-782-1842,Human Resources,7.3,2026
1RV21CS324,Flossy MacLoughlin,fmacloughlinoy@parallels.com,384-961-5465,Public Relations,7.4,2022
1RV21IS620,Benton Chiplen,bchiplenoz@pcworld.com,261-480-4785,Finance,8.5,2029
1RV21CS887,Terrijo Winscum,twinscump0@examiner.com,226-632-0638,Operations,3.4,2025
1RV21CS175,Faunie Lait,flaitp1@hhs.gov,431-780-6801,Research and Development,1.8,2029
1RV21CV713,Sharity Ivery,siveryp2@1und1.de,520-549-9589,IT,7.5,2027
1RV21EC286,Odie Baptista,obaptistap3@prlog.org,236-967-1769,Customer Service,1.4,2024
1RV21IS792,Hastings Talton,htaltonp4@senate.gov,640-156-2991,Finance,4.3,2026
1RV21IS949,Montgomery Bosence,mbosencep5@virginia.edu,794-684-2384,Research and Development,6.3,2020
1RV21EC026,Celle Riddock,criddockp6@exblog.jp,392-931-3108,Legal,8.2,2025
1RV21CS732,Rustin Vaughton,rvaughtonp7@over-blog.com,189-968-4862,Public Relations,9.6,2023
1RV21IS473,Harmony Beadman,hbeadmanp8@taobao.com,591-882-4999,Sales,2.7,2026
1RV21EC623,Rainer Cundey,rcundeyp9@mysql.com,855-949-6020,Research and Development,7.7,2027
1RV21EE889,Aggie Roloff,aroloffpa@skyrock.com,169-882-9086,Public Relations,6.3,2028
1RV21EC396,Sheena Ferbrache,sferbrachepb@yahoo.co.jp,913-658-2310,Public Relations,4.1,2024
1RV21AI664,Hilliard Conws,hconwspc@arizona.edu,703-174-8755,Marketing,9.3,2025
1RV21IS689,Corny Fruser,cfruserpd@pbs.org,427-827-7807,Marketing,6.5,2027
1RV21EC050,Silvio Cleever,scleeverpe@netscape.com,352-125-3462,Legal,6.8,2022
1RV21IS870,Cristiano Schulter,cschulterpf@163.com,562-983-8903,Public Relations,0.3,2027
1RV21EC192,Jessamyn Bodleigh,jbodleighpg@spotify.com,278-106-0731,Research and Development,7.1,2029
1RV21EC191,Anderea Cadigan,acadiganph@japanpost.jp,969-616-1183,IT,1.9,2021
1RV21CV837,Robinet Ilyas,rilyaspi@live.com,494-516-6726,Research and Development,1.9,2022
1RV21AI572,Falkner Hamblen,fhamblenpj@discovery.com,937-709-1242,Operations,1.6,2030
1RV21CV419,Sayre De Minico,sdepk@mtv.com,170-517-2690,Human Resources,2.9,2028
1RV21EE284,Foster Pietruszka,fpietruszkapl@cornell.edu,332-728-8435,Human Resources,9.4,2027
1RV21EC459,Fax Michiel,fmichielpm@google.com,540-967-7428,Customer Service,9.8,2028
1RV21EC314,Laurie Rickeard,lrickeardpn@arizona.edu,828-468-4783,Finance,9.3,2024
1RV21AI858,Alicia Beange,abeangepo@mediafire.com,671-498-2224,Marketing,3.8,2022
1RV21CV198,Davin Lackner,dlacknerpp@redcross.org,697-628-6365,IT,9.8,2026
1RV21EC072,Delora Creffield,dcreffieldpq@biglobe.ne.jp,577-614-7153,Marketing,3.9,2023
1RV21EE037,Juliane Mapledoram,jmapledorampr@seattletimes.com,286-980-4594,Human Resources,2.7,2021
1RV21EE620,Jedidiah O'Dunniom,jodunniomps@mozilla.com,721-671-7275,Marketing,7.4,2020
1RV21EC544,Anetta Alastair,aalastairpt@pbs.org,322-555-4020,Human Resources,0.6,2026
1RV21ME442,Queenie Lace,qlacepu@google.com.br,545-331-7913,Research and Development,5.9,2026
1RV21AI773,Laryssa Dilland,ldillandpv@ovh.net,884-697-6749,Human Resources,3.7,2023
1RV21EE838,Merna Carbery,mcarberypw@moonfruit.com,770-915-0447,Customer Service,2.7,2029
1RV21ME480,Joell Crosseland,jcrosselandpx@mayoclinic.com,503-917-6394,Human Resources,1.7,2029
1RV21ME852,Vyky Crat,vcratpy@mtv.com,778-963-8931,IT,0.5,2029
1RV21CV115,Fin Dumper,fdumperpz@indiegogo.com,314-782-9781,Marketing,9.3,2028
1RV21AI545,Paule Biggar,pbiggarq0@webmd.com,369-707-4698,Legal,0.6,2028
1RV21EE325,Celka Northeast,cnortheastq1@illinois.edu,227-231-8380,Customer Service,2.5,2026
1RV21EC893,Mitchael Itzkov,mitzkovq2@quantcast.com,576-565-9312,Public Relations,9.3,2021
1RV21CS847,Bernadina Airlie,bairlieq3@fastcompany.com,902-336-7437,Operations,7.0,2025
1RV21CV401,Aindrea Kennady,akennadyq4@about.com,755-697-8999,Public Relations,2.1,2029
1RV21AI262,Randolf Antczak,rantczakq5@marketwatch.com,121-786-9582,Human Resources,8.8,2026
1RV21ME608,Glenn Codd,gcoddq6@phoca.cz,732-466-9676,Customer Service,2.5,2030
1RV21IS152,Angelique McConway,amcconwayq7@ca.gov,660-943-9591,Human Resources,2.9,2024
1RV21EC927,Lowell Siddle,lsiddleq8@ucsd.edu,752-320-9309,Human Resources,7.5,2024
1RV21IS442,Damara Onraet,donraetq9@livejournal.com,622-910-2891,Legal,4.0,2030
1RV21IS809,Katinka Bywater,kbywaterqa@loc.gov,515-357-9921,Marketing,4.8,2028
1RV21EE729,Sabine Scown,sscownqb@narod.ru,141-717-3416,Public Relations,8.4,2030
1RV21CS297,Candice Larimer,clarimerqc@meetup.com,947-796-9901,IT,6.6,2029
1RV21ME608,Zorana Shadbolt,zshadboltqd@bloglines.com,569-138-6366,Legal,2.5,2022
1RV21IS254,Tiebout Children,tchildrenqe@intel.com,781-624-8678,Human Resources,3.6,2030
1RV21CV429,Cody Heisham,cheishamqf@gmpg.org,131-179-8123,Marketing,9.2,2028
1RV21IS802,Andrus Fearby,afearbyqg@angelfire.com,263-631-2830,Research and Development,9.7,2024
1RV21AI666,Kelbee Shepland,ksheplandqh@hibu.com,993-346-2416,Customer Service,2.8,2025
1RV21EE446,Cristy Ecob,cecobqi@wsj.com,609-803-2391,Sales,1.1,2020
1RV21EC166,Rodolfo Seater,rseaterqj@cnn.com,540-296-9286,Legal,4.7,2022
1RV21EC436,Quintina Guidotti,qguidottiqk@epa.gov,628-466-0524,Marketing,2.5,2028
1RV21EE868,Linnell Cottle,lcottleql@techcrunch.com,973-877-3279,IT,0.7,2028
1RV21AI765,Reed Ricards,rricardsqm@sogou.com,491-739-7638,IT,3.1,2024
1RV21IS492,Bernetta Caberas,bcaberasqn@vistaprint.com,890-905-0575,Sales,8.5,2020
1RV21CS365,Hewe Wem,hwemqo@tumblr.com,678-325-7684,Finance,3.7,2025
1RV21EC873,Noreen Metzing,nmetzingqp@blogtalkradio.com,919-494-1362,Legal,1.0,2021
1RV21AI759,Baxter Torra,btorraqq@blogspot.com,293-591-6323,Finance,8.1,2020
1RV21EC560,Tiffi Royds,troydsqr@baidu.com,850-205-0957,Human Resources,2.8,2029
1RV21EE003,Lelah Batham,lbathamqs@ebay.com,860-538-0890,Finance,6.5,2021
1RV21EE459,Birgitta Coombe,bcoombeqt@gravatar.com,647-232-7827,Finance,2.8,2026
1RV21ME793,Elsinore Center,ecenterqu@cornell.edu,711-521-0251,Human Resources,2.6,2020
1RV21IS951,Leonhard Bremner,lbremnerqv@com.com,955-720-4587,Legal,8.5,2020
1RV21EE482,Ilsa Redsell,iredsellqw@nymag.com,724-635-2804,Human Resources,2.2,2027
1RV21AI551,Hervey Lowseley,hlowseleyqx@state.tx.us,701-645-0079,Finance,5.0,2022
1RV21AI030,Mame Blackstone,mblackstoneqy@creativecommons.org,253-666-1472,Human Resources,9.4,2026
1RV21EC739,Laurella Linscott,llinscottqz@sphinn.com,503-299-7657,Marketing,6.2,2023
1RV21EC596,Harman Hartness,hhartnessr0@facebook.com,998-728-0155,Finance,6.2,2020
1RV21IS500,Herta Humerstone,hhumerstoner1@vkontakte.ru,305-474-6829,Marketing,7.0,2027
1RV21AI923,Lynette Peatt,lpeattr2@apache.org,242-406-9108,Customer Service,4.5,2021
1RV21EC989,Gav Waleran,gwaleranr3@wunderground.com,501-902-2700,Marketing,7.1,2022
1RV21ME687,Fifi Collingwood,fcollingwoodr4@networkadvertising.org,939-827-6265,Legal,0.0,2026
1RV21EC223,Renata Snoddon,rsnoddonr5@sakura.ne.jp,336-924-1677,Sales,0.0,2021
1RV21EE520,Alphonse Dundredge,adundredger6@slate.com,218-715-2650,Marketing,2.9,2030
1RV21EE924,Rufe Grayham,rgrayhamr7@unc.edu,143-482-8577,Customer Service,0.2,2027
1RV21AI774,Keelby Ketch,kketchr8@sakura.ne.jp,102-391-1245,IT,7.6,2021
1RV21CS940,Kippy Onthank,konthankr9@webmd.com,860-802-1546,Sales,2.4,2025
1RV21EE282,Shannon Archbell,sarchbellra@mysql.com,328-784-0166,Customer Service,6.3,2022
1RV21ME681,Ivar Kitchiner,ikitchinerrb@ustream.tv,810-595-5615,Public Relations,4.9,2023
1RV21EE833,Janek Cator,jcatorrc@edublogs.org,256-735-5145,IT,0.9,2022
1RV21CS501,Gustavo Klinck,gklinckrd@economist.com,917-123-7760,Human Resources,1.0,2029
1RV21IS928,Andrea Youdell,ayoudellre@github.io,830-573-3663,Legal,5.6,2030
1RV21EC078,Timi Veighey,tveigheyrf@about.me,358-679-6448,Human Resources,2.6,2027
1RV21CV711,Franzen Keepence,fkeepencerg@delicious.com,763-571-5481,Finance,5.9,2024
1RV21ME454,Marven Odgaard,modgaardrh@51.la,984-941-0431,IT,6.5,2026
1RV21CS918,Karyn Payley,kpayleyri@ocn.ne.jp,296-400-0061,Human Resources,8.4,2024
1RV21IS183,Ulrike Erdely,uerdelyrj@unc.edu,777-970-1331,Research and Development,8.8,2028
1RV21EC047,Katti Abramowsky,kabramowskyrk@twitter.com,816-132-0121,Public Relations,7.3,2025
1RV21CV037,Rori Sandhill,rsandhillrl@hud.gov,232-660-4100,Research and Development,3.1,2029
1RV21EE005,Brew Gamil,bgamilrm@theglobeandmail.com,811-492-5418,Finance,1.5,2029
1RV21EC722,Jdavie Cobelli,jcobellirn@purevolume.com,897-501-2171,Marketing,9.5,2027
1RV21CV915,Bev Hedingham,bhedinghamro@dagondesign.com,759-209-1911,Research and Development,6.8,2025
1RV21EE539,Tricia Axup,taxuprp@sciencedirect.com,790-759-1680,Operations,1.5,2023
1RV21CS985,Dolorita Leuchars,dleucharsrq@nature.com,616-286-6524,IT,5.4,2024
1RV21AI358,Clive Hanhardt,chanhardtrr@blinklist.com,149-250-7572,Research and Development,9.0,2022
